conferenceId,name
"conference::acm sigmobile international conference on mobile systems, applications, and services","ACM SIGMOBILE International Conference on Mobile Systems, Applications, and Services"
conference::(jems) jurnal entrepreneur dan manajemen sains,(JEMS) Jurnal Entrepreneur dan Manajemen Sains
conference::iet renewable power generation,IET Renewable Power Generation
conference::earth systems and environment,Earth Systems and Environment
conference::marine policy,Marine Policy
conference::video journal of biomedicine,Video Journal of Biomedicine
"conference::2025 5th international conference on innovative research in applied science, engineering and technology (iraset)","2025 5th International Conference on Innovative Research in Applied Science, Engineering and Technology (IRASET)"
conference::proceedings of the 2019 european conference on computing in construction,Proceedings of the 2019 European Conference on Computing in Construction
conference::ukrainian journal on library and information science,Ukrainian Journal on Library and Information Science
conference::2020 5th international conference on electromechanical control technology and transportation (icectt),2020 5th International Conference on Electromechanical Control Technology and Transportation (ICECTT)
conference::journal of hypertension,Journal of Hypertension
conference::weed science,Weed science
conference::asian-australasian journal of food safety and security,Asian-Australasian journal of food safety and security
conference::forests,Forests
conference::international journal of agriculture environment and bioresearch,International Journal of Agriculture Environment and Bioresearch
conference::anesthesia and analgesia,Anesthesia and Analgesia
conference::british journal of surgery,British Journal of Surgery
conference::international conference on intelligent cloud computing,International Conference on Intelligent Cloud Computing
conference::british journal of dermatology,British Journal of Dermatology
conference::problems and perspectives in management,Problems and Perspectives in Management
conference::kanzo,Kanzo
conference::fisheries research,Fisheries Research
conference::indian journal of neurotrauma,Indian Journal of Neurotrauma
conference::journal of the japanese association of rural medicine,JOURNAL OF THE JAPANESE ASSOCIATION OF RURAL MEDICINE
conference::internal medicine journal (print),Internal medicine journal (Print)
conference::jane - jurnal administrasi negara,JANE - Jurnal Administrasi Negara
conference::frontiers in oncology,Frontiers in Oncology
conference::international journal of productivity and performance management,International Journal of Productivity and Performance Management
conference::bmc medical education,BMC Medical Education
conference::lecture notes in computer science,Lecture Notes in Computer Science
conference::lékař a technika,Lékař a technika
conference::transportation research part c: emerging technologies,Transportation Research Part C: Emerging Technologies
"conference::ieee uttar pradesh section international conference on electrical, computer and electronics engineering","IEEE Uttar Pradesh Section International Conference on Electrical, Computer and Electronics Engineering"
conference::the international journal of science and society,The International Journal of Science and Society
conference::intelligent systems and networks,Intelligent Systems and Networks
conference::diversity,Diversity
"conference::nephrology, dialysis and transplantation","Nephrology, Dialysis and Transplantation"
conference::american journal of industrial and business management,American Journal of Industrial and Business Management
conference::journal of soil and water conservation,Journal of Soil and Water Conservation
conference::jurnal manajemen agribisnis (journal of agribusiness management),JURNAL MANAJEMEN AGRIBISNIS (Journal Of Agribusiness Management)
conference::apcc/mdmc '04. the 2004 joint conference of the 10th asia-pacific conference on communications and the 5th international symposium on multi-dimensional mobile communications proceeding,APCC/MDMC '04. The 2004 Joint Conference of the 10th Asia-Pacific Conference on Communications and the 5th International Symposium on Multi-Dimensional Mobile Communications Proceeding
conference::proceedings of the 8th international congress on environmental geotechnics volume 2,Proceedings of the 8th International Congress on Environmental Geotechnics Volume 2
conference::applied sciences,Applied Sciences
conference::revista argentina de cardiología,Revista Argentina de Cardiología
conference::tree genetics & genomes,Tree Genetics & Genomes
conference::osteoporosis international,Osteoporosis International
conference::european journal of forest research,European Journal of Forest Research
conference::nature genetics,Nature Genetics
conference::revista amazonía investiga,Revista Amazonía investiga
conference::proceedings of the 6th international conference on management science and management innovation (msmi 2019),Proceedings of the 6th International Conference on Management Science and Management Innovation (MSMI 2019)
conference::2025 7th international conference on electrical engineering and control technologies (ceect),2025 7th International Conference on Electrical Engineering and Control Technologies (CEECT)
"conference::international conference on wireless communications, networking and mobile computing","International Conference on Wireless Communications, Networking and Mobile Computing"
conference::zbornik radova,Zbornik radova
conference::bmj global health,BMJ Global Health
conference::revista interamericana de bibliotecología,Revista Interamericana de Bibliotecología
conference::indian journal of gastroenterology,Indian Journal of Gastroenterology
conference::cases on digital strategies and management issues in modern organizations,Cases on Digital Strategies and Management Issues in Modern Organizations
conference::journal of pure and applied microbiology,Journal of Pure and Applied Microbiology
conference::international journal of academic research in business and social sciences,International Journal of Academic Research in Business and Social Sciences
conference::jurnal teknologi  dan sistem informasi bisnis,Jurnal Teknologi  Dan Sistem Informasi Bisnis
conference::new directions in cultural policy research,New Directions in Cultural Policy Research
conference::asia pacific journal of tourism research,Asia Pacific Journal of Tourism Research
"conference::international conference on intelligent transportation, big data and smart city","International Conference on Intelligent Transportation, Big Data and Smart City"
conference::international journal of ethics and systems,International Journal of Ethics and Systems
conference::gut,Gut
conference::hydrobiologia,Hydrobiologia
conference::pharmaceutical medicine,Pharmaceutical Medicine
conference::ieee conference of russian young researchers in electrical and electronic engineering,IEEE Conference of Russian Young Researchers in Electrical and Electronic Engineering
conference::international journal of advances in scientific research and engineering,International Journal of Advances in Scientific Research and Engineering
conference::african journal of range and forage science,African Journal of Range and Forage Science
conference::simulations in medicine,Simulations in Medicine
conference::le journal de la renaissance,Le Journal de la Renaissance
conference::aquatic sciences,Aquatic Sciences
conference::journal of contingencies and crisis management,Journal of Contingencies and Crisis Management
conference::highlights in science engineering and technology,Highlights in Science Engineering and Technology
"conference::2012 international conference on smart grid technology, economics and policies (sg-tep)","2012 International Conference on Smart Grid Technology, Economics and Policies (SG-TEP)"
conference::agricultural water management,Agricultural Water Management
conference::international journal artificial intelligent and informatics,International Journal Artificial Intelligent and Informatics
conference::jurnal basicedu,Jurnal Basicedu
conference::south florida journal of development,South Florida Journal of Development
conference::thermal science,Thermal Science
conference::international journal of advanced research,International Journal of Advanced Research
conference::sustainability,Sustainability
conference::teaching english and language learning english journal (telle),Teaching English and Language Learning English Journal (TELLE)
conference::bmj supportive & palliative care,BMJ Supportive & Palliative Care
conference::journal of pharmaceutical research international,Journal of Pharmaceutical Research International
conference::pharmaceutical & diagnostic innovation,Pharmaceutical & Diagnostic Innovation
"conference::journal of the geographical institute jovan cvijic, sasa","Journal of the Geographical Institute Jovan Cvijic, SASA"
conference::ssr institute of international journal of life sciences,SSR Institute of International Journal of Life Sciences
conference::agricultural science,Agricultural Science
conference::e3s web of conferences,E3S Web of Conferences
conference::american journal of perinatology reports,American Journal of Perinatology Reports
conference::british medical journal,British medical journal
conference::2025 ieee 5th international conference on sustainable energy and future electric transportation (sefet),2025 IEEE 5th International Conference on Sustainable Energy and Future Electric Transportation (SEFET)
conference::cdmw '12,CDMW '12
"conference::synergizing management, technology and innovation in generating sustainable and competitive business growth","Synergizing Management, Technology and Innovation in Generating Sustainable and Competitive Business Growth"
"conference::the journal of nutrition, health & aging","The Journal of Nutrition, Health & Aging"
conference::proceedings of the 2024 6th blockchain and internet of things conference,Proceedings of the 2024 6th Blockchain and Internet of Things Conference
conference::biodiversity information science and standards,Biodiversity Information Science and Standards
conference::iforest : biogeosciences and forestry,iForest : Biogeosciences and Forestry
"conference::2025 2nd international conference on software, systems and information technology (ssitcon)","2025 2nd International Conference on Software, Systems and Information Technology (SSITCON)"
conference::rheumatology,Rheumatology
"conference::sustainability accounting, management and policy journal","Sustainability Accounting, Management and Policy Journal"
conference::north american journal of fisheries management,North American Journal of Fisheries Management
conference::iop conference series: earth and environment,IOP Conference Series: Earth and Environment
conference::cureus,Cureus
conference::free radical biology & medicine,Free Radical Biology & Medicine
conference::cardiovascular and interventional radiology,Cardiovascular and Interventional Radiology
conference::water,Water
conference::abi-technik,ABI-Technik
"conference::industrielle beziehungen. zeitschrift für arbeit, organisation und management","Industrielle Beziehungen. Zeitschrift für Arbeit, Organisation und Management"
conference::technical  mechanics,Technical  mechanics
conference::proceedings of the international academic conference on frontiers in social sciences and management innovation (iafsm 2019),Proceedings of the International Academic Conference on Frontiers in Social Sciences and Management Innovation (IAFSM 2019)
conference::encyclopedia of personality and individual differences,Encyclopedia of Personality and Individual Differences
conference::future foods,Future Foods
conference::international journal of current science research and review,International Journal of Current Science Research and Review
conference::international conference on measuring technology and mechatronics automation,International Conference on Measuring Technology and Mechatronics Automation
conference::information security solutions europe,Information Security Solutions Europe
conference::systems and information engineering design symposium,Systems and Information Engineering Design Symposium
"conference::2021 9th international conference on reliability, infocom technologies and optimization (trends and future directions) (icrito)","2021 9th International Conference on Reliability, Infocom Technologies and Optimization (Trends and Future Directions) (ICRITO)"
conference::the jps jewish heritage torah commentary,The JPS Jewish Heritage Torah Commentary
conference::2017 23rd annual international conference in advanced computing and communications (adcom),2017 23RD Annual International Conference in Advanced Computing and Communications (ADCOM)
conference::ieee international conference on industrial engineering and engineering management,IEEE International Conference on Industrial Engineering and Engineering Management
conference::energies,Energies
conference::international journal of technology assessment in health care,International Journal of Technology Assessment in Health Care
conference::agronomy,Agronomy
"conference::2023 ieee international conference on electrical, automation and computer engineering (iceace)","2023 IEEE International Conference on Electrical, Automation and Computer Engineering (ICEACE)"
conference::international conference on industrial mechatronics and automation,International Conference on Industrial Mechatronics and Automation
conference::journal of applied ecology,Journal of Applied Ecology
conference::british journal of healthcare management,British Journal of Healthcare Management
conference::journal of hydrology,Journal of Hydrology
conference::2012 international conference on computer vision in remote sensing,2012 International Conference on Computer Vision in Remote Sensing
conference::designs,Designs
conference::innovation in aging,Innovation in aging
conference::photonics europe,Photonics Europe
conference::coral reefs,Coral reefs
conference::herpetological monographs,Herpetological Monographs
conference::biorxiv,bioRxiv
conference::proceedings of the international scientific and practical conference strategy of development of regional ecosystems “education-science-industry” (ispcr 2021),Proceedings of the International Scientific and Practical Conference Strategy of Development of Regional Ecosystems “Education-Science-Industry” (ISPCR 2021)
conference::asian journal of agricultural extension economics & sociology,Asian Journal of Agricultural Extension Economics & Sociology
conference::journal of physics: conference series,Journal of Physics: Conference Series
conference::chemical engineering research & design,Chemical engineering research & design
conference::pakistan journal of medical &amp; health sciences,Pakistan Journal of Medical &amp; Health Sciences
conference::proceedings of the 2025 international conference on economic management and big data application,Proceedings of the 2025 International Conference on Economic Management and Big Data Application
conference::archives of physical medicine and rehabilitation,Archives of Physical Medicine and Rehabilitation
conference::logistik im wandel der zeit – von der produktionssteuerung zu vernetzten supply chains,Logistik im Wandel der Zeit – Von der Produktionssteuerung zu vernetzten Supply Chains
conference::international conference on recent trends in information technology,International Conference on Recent Trends in Information Technology
conference::journal of lightwave technology,Journal of Lightwave Technology
conference::geological society london engineering geology special publications,Geological Society London Engineering Geology Special Publications
conference::2024 opju international technology conference (otcon) on smart computing for innovation and advancement in industry 4.0,2024 OPJU International Technology Conference (OTCON) on Smart Computing for Innovation and Advancement in Industry 4.0
conference::2025 world skills conference on universal data analytics and sciences (worldsuas),2025 World Skills Conference on Universal Data Analytics and Sciences (WorldSUAS)
conference::neurology clinical practice,Neurology Clinical Practice
conference::veterinary anatomy and physiology,Veterinary Anatomy and Physiology
"conference::2021 joint international conference on digital arts, media and technology with ecti northern section conference on electrical, electronics, computer and telecommunication engineering","2021 Joint International Conference on Digital Arts, Media and Technology with ECTI Northern Section Conference on Electrical, Electronics, Computer and Telecommunication Engineering"
conference::european urology,European Urology
conference::2023 8th international conference on cloud computing and big data analytics (icccbda),2023 8th International Conference on Cloud Computing and Big Data Analytics (ICCCBDA)
conference::czech journal of civil engineering,Czech Journal of Civil Engineering
conference::international journal of entertainment technology and management,International Journal of Entertainment Technology and Management
conference::international symposium on medical simulation,International Symposium on Medical Simulation
conference::online international conference on green engineering and technologies,Online International Conference on Green Engineering and Technologies
"conference::proceedings. 2005 ieee intelligent transportation systems, 2005.","Proceedings. 2005 IEEE Intelligent Transportation Systems, 2005."
conference::international conference on advanced communication technology,International Conference on Advanced Communication Technology
conference::2025 11th international conference on wireless and telematics (icwt),2025 11th International Conference on Wireless and Telematics (ICWT)
conference::asian test symposium,Asian Test Symposium
conference::international journal of computer trends and technology,International Journal of Computer Trends and Technology
"conference::international conference on cryptography, security and privacy","International Conference on Cryptography, Security and Privacy"
conference::open forum infectious diseases,Open Forum Infectious Diseases
conference::ieee india conference,IEEE India Conference
conference::international conference on informatics and analytics,International Conference on Informatics and Analytics
conference::sustainability science,Sustainability Science
conference::world congress on information and communication technologies,World Congress on Information and Communication Technologies
conference::international conference on advances in ict for emerging regions,International Conference on Advances in ICT for Emerging Regions
conference::2021 2nd international conference on secure cyber computing and communications (icsccc),2021 2nd International Conference on Secure Cyber Computing and Communications (ICSCCC)
conference::journal of clinical oncology,Journal of Clinical Oncology
conference::international conference on neural networks and brain,International Conference on Neural Networks and Brain
"conference::international conference on modeling, simulation, and applied optimization","International Conference on Modeling, Simulation, and Applied Optimization"
conference::annals of internal medicine,Annals of Internal Medicine
conference::international conferences on biomedical and bioinformatics engineering,International Conferences on Biomedical and Bioinformatics Engineering
conference::encyclopedia of data warehousing and mining,Encyclopedia of Data Warehousing and Mining
conference::confluence,Confluence
conference::2015 international conference on pervasive computing (icpc),2015 International Conference on Pervasive Computing (ICPC)
conference::proceedings of the sriwijaya international conference on information technology and its applications (siconian 2019),Proceedings of the Sriwijaya International Conference on Information Technology and Its Applications (SICONIAN 2019)
conference::smart,SMART
conference::2022 3rd international conference on smart electronics and communication (icosec),2022 3rd International Conference on Smart Electronics and Communication (ICOSEC)
conference::yoga mimamsa,Yoga Mimamsa
conference::proceedings. the ieee 5th international conference on intelligent transportation systems,Proceedings. The IEEE 5th International Conference on Intelligent Transportation Systems
"conference::day 3 thu, may 09, 2024","Day 3 Thu, May 09, 2024"
conference::2024 ieee international conference on intelligent signal processing and effective communication technologies (inspect),2024 IEEE International Conference on Intelligent Signal Processing and Effective Communication Technologies (INSPECT)
conference::big data in bioeconomy,Big Data in Bioeconomy
conference::2016 advances in wireless and optical communications (rtuwo),2016 Advances in Wireless and Optical Communications (RTUWO)
conference::pharmacy world & science,Pharmacy World & Science
"conference::2025 6th international conference on big data, artificial intelligence and internet of things engineering (icbaie)","2025 6th International Conference on Big Data, Artificial Intelligence and Internet of Things Engineering (ICBAIE)"
conference::international conference intelligent computing and control systems,International Conference Intelligent Computing and Control Systems
conference::spie defense + commercial sensing,SPIE Defense + Commercial Sensing
conference::2021 ieee international conference on artificial intelligence and computer applications (icaica),2021 IEEE International Conference on Artificial Intelligence and Computer Applications (ICAICA)
conference::oceans,Oceans
conference::abstracts of the ica,Abstracts of the ICA
conference::2022 international conference on electronics and renewable systems (icears),2022 International Conference on Electronics and Renewable Systems (ICEARS)
conference::journal of optometry,Journal of Optometry
conference::2022 global reliability and prognostics and health management (phm-yantai),2022 Global Reliability and Prognostics and Health Management (PHM-Yantai)
conference::bmc neuroscience,BMC Neuroscience
conference::ankara hacı bayram veli üniversitesi i̇ktisadi ve i̇dari bilimler fakültesi dergisi,Ankara Hacı Bayram Veli Üniversitesi İktisadi ve İdari Bilimler Fakültesi Dergisi
conference::2024 6th international conference on frontier technologies of information and computer (icftic),2024 6th International Conference on Frontier Technologies of Information and Computer (ICFTIC)
conference::asset analytics,Asset Analytics
conference::circulation,Circulation
conference::blood,Blood
conference::ieee joint international information technology and artificial intelligence conference,IEEE Joint International Information Technology and Artificial Intelligence Conference
conference::geofluids,Geofluids
conference::2012 ieee symposium on robotics and applications (isra),2012 IEEE Symposium on Robotics and Applications (ISRA)
conference::international journal for research in applied science and engineering technology,International Journal for Research in Applied Science and Engineering Technology
conference::international journal of retail & distribution management,International Journal of Retail & Distribution Management
conference::environmental evidence,Environmental Evidence
conference::asia pacific symposium on intelligent and evolutionary systems,Asia Pacific Symposium on Intelligent and Evolutionary Systems
conference::new trends of research in ontologies and lexical resources,New Trends of Research in Ontologies and Lexical Resources
conference::academic psychiatry,Academic Psychiatry
conference::frontiers in education conference,Frontiers in Education Conference
conference::defense + commercial sensing,Defense + Commercial Sensing
conference::indonesian journal of electrical engineering and computer science,Indonesian Journal of Electrical Engineering and Computer Science
conference::the superior journal of physical therapy and rehabilitation,The Superior Journal of Physical Therapy and Rehabilitation
conference::2023 2nd international conference on edge computing and applications (icecaa),2023 2nd International Conference on Edge Computing and Applications (ICECAA)
conference::community-built databases,Community-Built Databases
"conference::international conference on technological advances in electrical, electronics and computer engineering","International Conference on Technological Advances in Electrical, Electronics and Computer Engineering"
conference::high performance visualization,High Performance Visualization
conference::international journal of advanced computer science and applications,International Journal of Advanced Computer Science and Applications
conference::international conference on computational intelligence and communication networks,International Conference on Computational Intelligence and Communication Networks
conference::2024 international conference on automation and computation (autocom),2024 International Conference on Automation and Computation (AUTOCOM)
conference::economics. law. innovaion,Economics. Law. Innovaion
conference::international conference on artificial intelligence and soft computing,International Conference on Artificial Intelligence and Soft Computing
"conference::conference, emerging information technology 2005.","Conference, Emerging Information Technology 2005."
conference::international conference on signals and electronic systems,International Conference on Signals and Electronic Systems
conference::research in international business and finance,Research In International Business and Finance
conference::bulletin of the school of oriental and african studies,Bulletin of the School of Oriental and African Studies
"conference::2023 international conference on research methodologies in knowledge management, artificial intelligence and telecommunication engineering (rmkmate)","2023 International Conference on Research Methodologies in Knowledge Management, Artificial Intelligence and Telecommunication Engineering (RMKMATE)"
conference::bmc genomics,BMC Genomics
conference::geoinformatics,GEOINFORMATICS
conference::journal of plant growth regulation,Journal of Plant Growth Regulation
conference::sankhya b,Sankhya B
"conference::ideas: jurnal pendidikan, sosial, dan budaya","Ideas: Jurnal Pendidikan, Sosial, dan Budaya"
conference::international journal of engineering and technology,International journal of engineering and technology
conference::international journal of vehicle systems modelling and testing,International Journal of Vehicle Systems Modelling and Testing
conference::ieee power & energy society general meeting,IEEE Power & Energy Society General Meeting
conference::perspectives on medical education,Perspectives on Medical Education
conference::moscow university geology bulletin,Moscow University Geology Bulletin
conference::security and communication networks,Security and Communication Networks
conference::stroke,Stroke
conference::ieee transactions on industry applications,IEEE transactions on industry applications
conference::philosophical transactions of the royal society of london. series a: mathematical and physical sciences,Philosophical transactions of the Royal Society of London. Series A: Mathematical and physical sciences
conference::fifth international conference on advanced robotics 'robots in unstructured environments,Fifth International Conference on Advanced Robotics 'Robots in Unstructured Environments
conference::heart,Heart
conference::2026 5th international informatics and software engineering conference (iisec),2026 5th International Informatics and Software Engineering Conference (IISEC)
conference::wireless communications and mobile computing,Wireless Communications and Mobile Computing
conference::pharmacoeconomics & outcomes news,PharmacoEconomics & outcomes news
conference::malaysian journal of learning & instruction,Malaysian journal of learning & instruction
conference::international conference on crowd science and engineering,International Conference on Crowd Science and Engineering
conference::matec web of conferences,MATEC Web of Conferences
"conference::proceedings of the 2nd international conference on economy, management and entrepreneurship (icoeme 2019)","Proceedings of the 2nd International Conference on Economy, Management and Entrepreneurship (ICOEME 2019)"
conference::aiaa aviation 2022 forum,AIAA AVIATION 2022 Forum
"conference::proceedings of the 2nd international conference on mathematical statistics and economic analysis, msea 2023, may 26–28, 2023, nanjing, china","Proceedings of the 2nd International Conference on Mathematical Statistics and Economic Analysis, MSEA 2023, May 26–28, 2023, Nanjing, China"
conference::circulo de linguistica aplicada a la comunicacion,CIRCULO de linguistica aplicada a la comunicacion
conference::other conferences,Other Conferences
"conference::2023 international conference on network, multimedia and information technology (nmitcon)","2023 International Conference on Network, Multimedia and Information Technology (NMITCON)"
conference::australian journal of agricultural and resource economics,Australian Journal of Agricultural and Resource Economics
conference::computational continuum mechanics,Computational Continuum Mechanics
conference::2006 international telecommunications symposium,2006 International Telecommunications Symposium
conference::medrxiv,medRxiv
conference::machines,Machines
conference::journal of the geological society of india,Journal of the Geological Society of India
"conference::proceedings of the 3rd international conference on public administration and governance, icopag 2024, 30 october 2024, malang, indonesia","Proceedings of the 3rd International Conference on Public Administration and Governance, ICOPAG 2024, 30 October 2024, Malang, Indonesia"
conference::earth system science data,Earth System Science Data
conference::dharmas education journal (de_journal),Dharmas Education Journal (DE_Journal)
conference::review of agricultural and applied economics,Review of Agricultural and Applied Economics
conference::journal of clinical and nursing research,Journal of Clinical and Nursing Research
"conference::international journal on advanced science, engineering and information technology","International Journal on Advanced Science, Engineering and Information Technology"
conference::hernia,Hernia
conference::inflammation,Inflammation
"conference::long island systems, applications and technology conference","Long Island Systems, Applications and Technology Conference"
conference::social science research network,Social Science Research Network
conference::journal of sport management,Journal of Sport Management
conference::frontiers in earth science,Frontiers in Earth Science
"conference::emc europe 2004, international symposium on electromagnetic compatibility","EMC Europe 2004, International Symposium on Electromagnetic Compatibility"
conference::international journal of technology,International Journal of Technology
"conference::2025 3rd international conference on iot, communication and automation technology (icicat)","2025 3rd International Conference on IoT, Communication and Automation Technology (ICICAT)"
conference::mathematical methods of statistics,Mathematical Methods of Statistics
conference::ecoscience,Ecoscience
conference::jurnal basis,JURNAL BASIS
conference::public organization review,Public Organization Review
conference::2023 international conference on self sustainable artificial intelligence systems (icssas),2023 International Conference on Self Sustainable Artificial Intelligence Systems (ICSSAS)
"conference::environment, development and sustainability","Environment, Development and Sustainability"
conference::proceedings of the royal society a,Proceedings of the Royal Society A
conference::2019 international conference on intelligent informatics and biomedical sciences (iciibms),2019 International Conference on Intelligent Informatics and Biomedical Sciences (ICIIBMS)
conference::journal of economic inequality,Journal of Economic Inequality
conference::journal of cardiac failure,Journal of Cardiac Failure
conference::ieee international geoscience and remote sensing symposium,IEEE International Geoscience and Remote Sensing Symposium
conference::oceans 2019 mts/ieee seattle,OCEANS 2019 MTS/IEEE SEATTLE
conference::journal of investigative dermatology,Journal of Investigative Dermatology
"conference::international conference on remote sensing, environment and transportation engineering","International Conference on Remote Sensing, Environment and Transportation Engineering"
conference::journal of solution chemistry,Journal of Solution Chemistry
conference::journal of coastal research,Journal of Coastal Research
conference::nature clinical practice gastroenterology &hepatology,Nature Clinical Practice Gastroenterology &Hepatology
"conference::international conference on networking, sensing and control","International Conference on Networking, Sensing and Control"
conference::international symposium on applied machine intelligence and informatics,International Symposium on Applied Machine Intelligence and Informatics
conference::atmospheric and ocean optics,Atmospheric and Ocean Optics
conference::ieee international conference on mobile adhoc and sensor systems,IEEE International Conference on Mobile Adhoc and Sensor Systems
conference::journal of physics d: applied physics,Journal of Physics D: Applied Physics
conference::agricultural economics (zemědělská ekonomika),Agricultural Economics (Zemědělská ekonomika)
conference::applied physics a,Applied Physics A
conference::spie optics + photonics,SPIE Optics + Photonics
conference::cartography and geographic information science,Cartography and Geographic Information Science
conference::jurnal unitek,JURNAL UNITEK
conference::parent training for disruptive behavior,Parent Training for Disruptive Behavior
conference::conference proceedings,Conference proceedings
conference::journal of the indonesian society of integrated chemistry,Journal of The Indonesian Society of Integrated Chemistry
conference::food security,Food Security
conference::journal of advertising research,Journal of Advertising Research
conference::regional geology reviews,Regional Geology Reviews
"conference::ubiquitous computing, electronics & mobile communication conference","Ubiquitous Computing, Electronics & Mobile Communication Conference"
conference::ekonomika a spoločnosť,Ekonomika a spoločnosť
conference::turkish journal of agriculture - food science and technology,Turkish Journal of Agriculture - Food Science and Technology
conference::geophysics,Geophysics
conference::loughborough antennas and propagation conference,Loughborough Antennas and Propagation Conference
conference::medical mycology,Medical Mycology
conference::international journal of geotechnical engineering,International Journal of Geotechnical Engineering
conference::2022 ieee nigeria 4th international conference on disruptive technologies for sustainable development (nigercon),2022 IEEE Nigeria 4th International Conference on Disruptive Technologies for Sustainable Development (NIGERCON)
conference::proceedings of the 30th international conference on computer graphics and machine vision (graphicon 2020). part 2,Proceedings of the 30th International Conference on Computer Graphics and Machine Vision (GraphiCon 2020). Part 2
conference::mineralogical magazine,Mineralogical magazine
conference::international middle east power systems conference,International Middle East Power Systems Conference
conference::qualitative research in financial markets,Qualitative Research in Financial Markets
conference::[1990] proceedings. the twenty-second southeastern symposium on system theory,[1990] Proceedings. The Twenty-Second Southeastern Symposium on System Theory
conference::engineering and technology journal,Engineering and Technology Journal
conference::asia communications and photonics conference and exhibition,Asia Communications and Photonics conference and Exhibition
conference::2023 ieee 4th china international youth conference on electrical engineering (ciycee),2023 IEEE 4th China International Youth Conference On Electrical Engineering (CIYCEE)
conference::journal of immunology,Journal of Immunology
conference::chemické zvesti,Chemické zvesti
conference::indonesian journal of agricultural research,Indonesian Journal of Agricultural Research
conference::journal of applied statistics,Journal of Applied Statistics
conference::journal of geophysical research: atmospheres,Journal of Geophysical Research: Atmospheres
conference::proceedings of 2011 6th international forum on strategic technology,Proceedings of 2011 6th International Forum on Strategic Technology
conference::analytical chemistry,Analytical Chemistry
conference::linguistics and culture review,Linguistics and Culture Review
conference::2010 11th specialist meeting on microwave radiometry and remote sensing of the environment,2010 11th Specialist Meeting on Microwave Radiometry and Remote Sensing of the Environment
conference::clinical phytoscience,Clinical Phytoscience
conference::2025 international conference on sustainable communication networks and application (icscn),2025 International Conference on Sustainable Communication Networks and Application (ICSCN)
conference::feminist economics,Feminist Economics
conference::international journal of health sciences,International Journal of Health Sciences
conference::earthquake engineering and engineering vibration,Earthquake Engineering and Engineering Vibration
conference::inflammatory bowel diseases,Inflammatory Bowel Diseases
conference::international journal of agricultural economics,International Journal of Agricultural Economics
conference::cancer research,Cancer Research
conference::jurnal paedagogy,Jurnal Paedagogy
conference::conference on lasers and electro-optics,Conference on Lasers and Electro-Optics
conference::american journal of epidemiology,American Journal of Epidemiology
conference::volume 2: advanced manufacturing,Volume 2: Advanced Manufacturing
conference::2025 ieee international conference on advanced systems and emergent technologies (ic_aset),2025 IEEE International Conference on Advanced Systems and Emergent Technologies (IC_ASET)
conference::letters in spatial and resource sciences,Letters in spatial and resource sciences
conference::proceedings of 23rd scientific conference “scientific services & internet – 2021”,Proceedings of 23rd Scientific Conference “Scientific Services & Internet – 2021”
conference::2006 2nd international conference on information & communication technologies,2006 2nd International Conference on Information & Communication Technologies
conference::efsa supporting publications,EFSA Supporting Publications
conference::international conference on power electronics and artificial intelligence,International Conference on Power Electronics and Artificial Intelligence
conference::conference on designing for user experiences,Conference on Designing for User eXperiences
conference::advances in data mining and database management,Advances in Data Mining and Database Management
conference::telemedicine journal and e-health,Telemedicine journal and e-health
conference::european annals of otorhinolaryngology head and neck diseases,European Annals of Otorhinolaryngology Head and Neck Diseases
conference::chemcatchem,ChemCatChem
conference::international symposium on multispectral image processing and pattern recognition,International Symposium on Multispectral Image Processing and Pattern Recognition
conference::journal of low temperature physics,Journal of Low Temperature Physics
conference::international conference on contemporary computing,International Conference on Contemporary Computing
conference::2024 second international conference on data science and information system (icdsis),2024 Second International Conference on Data Science and Information System (ICDSIS)
conference::research technology management,Research technology management
conference::open information science,Open Information Science
conference::journal of applied remote sensing,Journal of Applied Remote Sensing
conference::international conference on graphic and image processing,International Conference on Graphic and Image Processing
conference::jurnal pendidikan teknologi dan kejuruan,Jurnal Pendidikan Teknologi dan Kejuruan
conference::batteries,Batteries
conference::youth academic annual conference of chinese association of automation,Youth Academic Annual Conference of Chinese Association of Automation
conference::ra journal of applied research,RA Journal Of Applied Research
conference::innovare journal of medical sciences,Innovare Journal of Medical Sciences
conference::2023 3rd international conference on innovative practices in technology and management (iciptm),2023 3rd International Conference on Innovative Practices in Technology and Management (ICIPTM)
conference::international journal of emerging trends in engineering research,International Journal of Emerging Trends in Engineering Research
conference::2025 5th international conference on expert clouds and applications (icoeca),2025 5th International Conference on Expert Clouds and Applications (ICOECA)
conference::quarterly journal of the royal meteorological society,Quarterly Journal of the Royal Meteorological Society
conference::ieee spectrum,IEEE spectrum
conference::journal of petroleum technology,Journal of Petroleum Technology
conference::indian journal of computer science and engineering,Indian Journal of Computer Science and Engineering
conference::international journal of population data science,International Journal of Population Data Science
conference::archives of virology,Archives of Virology
conference::microscopy and microanalysis,Microscopy and Microanalysis
conference::lecture notes in electrical engineering,Lecture Notes in Electrical Engineering
conference::frontiers of chemical science and engineering,Frontiers of Chemical Science and Engineering
conference::critical social policy,Critical Social Policy
"conference::2022 international conference on intelligent technology, system and service for internet of everything (itss-ioe)","2022 International Conference on Intelligent Technology, System and Service for Internet of Everything (ITSS-IoE)"
conference::international conference computing methodologies and communication,International Conference Computing Methodologies and Communication
conference::the social science,The social science
conference::2022 2nd international conference on electronic information technology and smart agriculture (iceitsa),2022 2nd International Conference on Electronic Information Technology and Smart Agriculture (ICEITSA)
conference::international journal of humanities and social sciences,International journal of humanities and social sciences
conference::advances in library and information science,Advances in Library and Information Science
conference::nature physics,Nature Physics
conference::frontiers of engineering management,Frontiers of Engineering Management
conference::international conference on information science and engineering,International Conference on Information Science and Engineering
conference::intelligent and fuzzy techniques in big data analytics and decision making,Intelligent and Fuzzy Techniques in Big Data Analytics and Decision Making
conference::aeronautics and aerospace open access journal,Aeronautics and Aerospace Open Access Journal
"conference::2022 smart technologies, communication and robotics (stcr)","2022 Smart Technologies, Communication and Robotics (STCR)"
conference::american statistician,American Statistician
conference::caml review / revue de l acbm,CAML Review / Revue de l ACBM
conference::european journal of training and development,European Journal of Training and Development
conference::2024 international conference on advances in electrical engineering and computer applications (aeeca),2024 International Conference on Advances in Electrical Engineering and Computer Applications (AEECA)
conference::proceedings of the 2024 9th international conference on cyber security and information engineering,Proceedings of the 2024 9th International Conference on Cyber Security and Information Engineering
conference::the aesthetics and politics of the online self,The Aesthetics and Politics of the Online Self
conference::advanced computing in industrial mathematics,Advanced Computing in Industrial Mathematics
conference::physics in perspective,Physics in Perspective
conference::live campaigns,Live Campaigns
conference::journal of transport geography,Journal of Transport Geography
conference::acm cloud and autonomic computing conference,ACM Cloud and Autonomic Computing Conference
conference::2020 international conference on educational training and educational phenomena (icetep2020),2020 International Conference on Educational Training and Educational Phenomena (ICETEP2020)
conference::2019 ieee 8th international conference on advanced power system automation and protection (apap),2019 IEEE 8th International Conference on Advanced Power System Automation and Protection (APAP)
conference::journal of animal science,Journal of Animal Science
conference::journal of southern hemisphere earth systems science,Journal of Southern Hemisphere Earth Systems Science
conference::bandung conference series: statistics,Bandung Conference Series: Statistics
"conference::proceedings of the 2022 international conference on computer science, information engineering and digital economy (csiede 2022)","Proceedings of the 2022 International Conference on Computer Science, Information Engineering and Digital Economy (CSIEDE 2022)"
conference::proceedings of the international conference on policies and economics measures for agricultural development (agrodeveco 2020),Proceedings of the International Conference on Policies and Economics Measures for Agricultural Development (AgroDevEco 2020)
conference::2022 2nd international conference on big data engineering and education (bdee),2022 2nd International Conference on Big Data Engineering and Education (BDEE)
conference::hydrology and earth system sciences,Hydrology and Earth System Sciences
conference::al-ishlah: jurnal pendidikan,AL-ISHLAH: Jurnal Pendidikan
conference::ieee transactions on applied superconductivity,IEEE transactions on applied superconductivity
conference::international journal of recent technology and engineering,International journal of recent technology and engineering
conference::intersections,Intersections
conference::china economic review,China economic review
conference::data intensive storage services for cloud environments,Data Intensive Storage Services for Cloud Environments
conference::chinese control and decision conference,Chinese Control and Decision Conference
"conference::international conference on computing, communication and automation","International Conference on Computing, Communication and Automation"
conference::ecs transactions,ECS Transactions
conference::journal of computer science,Journal of Computer Science
conference::headache,Headache
conference::international journal of innovative technology and exploring engineering,International Journal of Innovative Technology and Exploring Engineering
"conference::ieee symposium on business, engineering and industrial applications","IEEE Symposium on Business, Engineering and Industrial Applications"
conference::international conference on electrical engineering and informatics,International Conference on Electrical Engineering and Informatics
conference::muhammadiyah international public health and medicine proceeding,Muhammadiyah International Public Health and Medicine Proceeding
conference::engineering headway,Engineering Headway
conference::jurnal ilmiah teunuleh,Jurnal Ilmiah Teunuleh
conference::2023 international conference on artificial intelligence for innovations in healthcare industries (icaiihi),2023 International Conference on Artificial Intelligence for Innovations in Healthcare Industries (ICAIIHI)
conference::2021 international conference on big data analysis and computer science (bdacs),2021 International Conference on Big Data Analysis and Computer Science (BDACS)
conference::2020 6th international conference on big data and information analytics (bigdia),2020 6th International Conference on Big Data and Information Analytics (BigDIA)
conference::ieee conference on industrial electronics and applications,IEEE Conference on Industrial Electronics and Applications
conference::sirius - zeitschrift für strategische analysen,SIRIUS - Zeitschrift für Strategische Analysen
conference::grenek music journal,Grenek Music Journal
conference::synthesis lectures on communications,Synthesis Lectures on Communications
conference::international journal of electrical and computer engineering (ijece),International Journal of Electrical and Computer Engineering (IJECE)
conference::tecciencia,TECCIENCIA
conference::international conference civil engineering and architecture,International Conference Civil Engineering and Architecture
"conference::2018 international conference on information , communication, engineering and technology (icicet)","2018 International Conference on Information , Communication, Engineering and Technology (ICICET)"
conference::international journal of emerging trends in social sciences,International Journal of Emerging Trends in Social Sciences
conference::conference on industrial electronics and applications,Conference on Industrial Electronics and Applications
conference::2022 international conference on artificial intelligence and autonomous robot systems (aiars),2022 International Conference on Artificial Intelligence and Autonomous Robot Systems (AIARS)
conference::international conferences on innovation in artificial intelligence,International Conferences on Innovation in Artificial Intelligence
conference::advances in building energy research,Advances in Building Energy Research
"conference::international symposium on robotics, artificial intelligence, and information engineering","International Symposium on Robotics, Artificial Intelligence, and Information Engineering"
conference::genome biology,Genome Biology
conference::encyclopedia of big data technologies,Encyclopedia of Big Data Technologies
conference::elipsoida,Elipsoida
conference::the journal of environmental education,The Journal of Environmental Education
conference::advances in intelligent systems and computing,Advances in Intelligent Systems and Computing
conference::big earth data,Big Earth Data
"conference::2018 eleventh international conference ""management of large-scale system development"" (mlsd","2018 Eleventh International Conference ""Management of large-scale system development"" (MLSD"
conference::vidya karya,Vidya Karya
conference::journal of it cases and applications,Journal of IT Cases and Applications
"conference::proceedings of the 2020 4th international seminar on education, management and social sciences (isemss 2020)","Proceedings of the 2020 4th International Seminar on Education, Management and Social Sciences (ISEMSS 2020)"
conference::sae technical paper series,SAE technical paper series
conference::competition commission of india journal on competition law and policy,Competition Commission of India Journal on Competition Law and Policy
conference::revista eletrônica da educação,Revista Eletrônica da Educação
conference::solar physics,Solar Physics
conference::journal of engineering for gas turbines and power,Journal of Engineering For Gas Turbines and Power
conference::medical imaging,Medical Imaging
conference::physiological zoology,Physiological Zoology
conference::i-manager's journal on computer science,i-manager's Journal on Computer Science
conference::international conference on information control systems & technologies,International Conference on Information Control Systems & Technologies
conference::ieee transactions on industrial informatics,IEEE Transactions on Industrial Informatics
conference::discover food,Discover Food
"conference::convergence of blockchain, ai, and iot","Convergence of Blockchain, AI, and IoT"
conference::international conference on big data computing service and applications,International Conference on Big Data Computing Service and Applications
conference::philosophical literary journal logos,Philosophical Literary Journal Logos
conference::inovasi manajemen dan kebijakan publik,Inovasi Manajemen dan Kebijakan Publik
conference::crime prevention and justice in 2030,Crime Prevention and Justice in 2030
"conference::2019 ieee 3rd information technology, networking, electronic and automation control conference (itnec)","2019 IEEE 3rd Information Technology, Networking, Electronic and Automation Control Conference (ITNEC)"
conference::saudi journal of business and management studies,Saudi Journal of Business and Management Studies
conference::the teacher of the future,The teacher of the future
conference::jom,JOM
conference::2021 international conference on electronic information engineering and computer science (eiecs),2021 International Conference on Electronic Information Engineering and Computer Science (EIECS)
conference::proceedings of the 2019 international spbpu scientific conference on innovations in digital economy,Proceedings of the 2019 International SPBPU Scientific Conference on Innovations in Digital Economy
"conference::2023 2nd international conference on cloud computing, big data application and software engineering (cbase)","2023 2nd International Conference on Cloud Computing, Big Data Application and Software Engineering (CBASE)"
"conference::2023 third international conference on advances in electrical, computing, communication and sustainable technologies (icaect)","2023 Third International Conference on Advances in Electrical, Computing, Communication and Sustainable Technologies (ICAECT)"
conference::pediatric hematology & oncology,Pediatric Hematology & Oncology
conference::health science inquiry,Health Science Inquiry
conference::2014 ieee symposium on computer applications and communications,2014 IEEE Symposium on Computer Applications and Communications
conference::smart structures and materials + nondestructive evaluation and health monitoring,Smart Structures and Materials + Nondestructive Evaluation and Health Monitoring
conference::2025 international conference on knowledge engineering and communication systems (ickecs),2025 International Conference on Knowledge Engineering and Communication Systems (ICKECS)
conference::2025 international conference on emerging trends in networks and computer communications (etncc),2025 International Conference on Emerging Trends in Networks and Computer Communications (ETNCC)
conference::مجلة الجمعیة المصریة لنظم المعلومات وتکنولوجیا الحاسبات,مجلة الجمعیة المصریة لنظم المعلومات وتکنولوجیا الحاسبات
conference::digital technologies and applications,Digital Technologies and Applications
conference::visión electrónica,Visión electrónica
conference::advances in civil and industrial engineering,Advances in Civil and Industrial Engineering
conference::international conference on applications and techniques in cyber intelligence,International Conference on Applications and Techniques in Cyber Intelligence
"conference::saturday, 16 june 2018","Saturday, 16 JUNE 2018"
conference::vnu journal of science computer science and communication engineering,VNU Journal of Science Computer Science and Communication Engineering
conference::ieee pes asia-pacific power and energy engineering conference,IEEE PES Asia-Pacific Power and Energy Engineering Conference
conference::high-performance modelling and simulation for big data applications,High-Performance Modelling and Simulation for Big Data Applications
conference::international journal of information technology and computer science,International Journal of Information Technology and Computer Science
conference::tawazun: jurnal pendidikan islam,Tawazun: Jurnal Pendidikan Islam
conference::2021 5th international conference on trends in electronics and informatics (icoei),2021 5th International Conference on Trends in Electronics and Informatics (ICOEI)
conference::studies in nonlinear dynamics &amp; econometrics,Studies in Nonlinear Dynamics &amp; Econometrics
conference::marketing letters,Marketing letters
conference::international conference on the digital society,International Conference on the Digital Society
conference::bulletin of social informatics theory and application,Bulletin of Social Informatics Theory and Application
conference::2020 6th iranian conference on signal processing and intelligent systems (icspis),2020 6th Iranian Conference on Signal Processing and Intelligent Systems (ICSPIS)
conference::anais do(a) congresso internacional de direitos humanos de coimbra,Anais do(a) Congresso Internacional de Direitos Humanos de Coimbra
conference::alzheimer's & dementia,Alzheimer's & Dementia
conference::inverse problems,Inverse Problems
"conference::2025 international conference on algorithm, artificial intelligence and computer vision (aaicv)","2025 International Conference on Algorithm, Artificial Intelligence and Computer Vision (AAICV)"
conference::auditing,Auditing
conference::jurnal eksplorasi akuntansi,JURNAL EKSPLORASI AKUNTANSI
"conference::2025 international conference on computer science, technology and engineering (iccste)","2025 International Conference on Computer Science, Technology and Engineering (ICCSTE)"
conference::service business: an international journal,Service Business: An International Journal
conference::aoir selected papers of internet research,AoIR Selected Papers of Internet Research
conference::new media & society,New Media & Society
conference::vestnik of saint petersburg university. international relations,Vestnik of Saint Petersburg University. International relations
conference::current issues in personality psychology,Current Issues in Personality Psychology
conference::mobile information systems,Mobile Information Systems
conference::formula 4.0 for digital transformation,Formula 4.0 for Digital Transformation
conference::international journal of engineering technology and management sciences,International Journal of Engineering Technology and Management Sciences
"conference::economics, taxes &amp; law","Economics, taxes &amp; law"
conference::international journal of sustainable development and planning,International Journal of Sustainable Development and Planning
conference::2021 2nd international conference on artificial intelligence and education (icaie),2021 2nd International Conference on Artificial Intelligence and Education (ICAIE)
conference::international conference on transportation information and safety,International Conference on Transportation Information and Safety
conference::international conference on frontiers of educational technologies,International Conference on Frontiers of Educational Technologies
conference::inverse problems and imaging,Inverse Problems and Imaging
conference::2022 international conference on knowledge engineering and communication systems (ickes),2022 International Conference on Knowledge Engineering and Communication Systems (ICKES)
conference::congresso brasileiro de mecânica dos solos e engenharia geotécnica,Congresso Brasileiro de Mecânica dos Solos e Engenharia Geotécnica
conference::vestnik tomskogo gosudarstvennogo universiteta kul turologiya i iskusstvovedenie,Vestnik Tomskogo gosudarstvennogo universiteta Kul turologiya i iskusstvovedenie
conference::international journal of operations & production management,International Journal of Operations & Production Management
conference::european journal of sustainable development,European Journal of Sustainable Development
conference::information security practice and experience,Information Security Practice and Experience
"conference::2017 international conference on computer systems, electronics and control (iccsec)","2017 International Conference on Computer Systems, Electronics and Control (ICCSEC)"
conference::genitourinary medicine,Genitourinary medicine
conference::big data intelligence for smart applications,Big Data Intelligence for Smart Applications
conference::2020 5th ieee international conference on big data analytics (icbda),2020 5th IEEE International Conference on Big Data Analytics (ICBDA)
conference::2016 ieee international conference on knowledge engineering and applications (ickea),2016 IEEE International Conference on Knowledge Engineering and Applications (ICKEA)
conference::clinical infectious diseases,Clinical Infectious Diseases
conference::journal of risk analysis and crisis response (jracr),Journal of Risk Analysis and Crisis Response (JRACR)
conference::journal of korea research association of international commerce,Journal of Korea Research Association of International Commerce
"conference::2017 3rd international conference on control, automation and robotics (iccar)","2017 3rd International Conference on Control, Automation and Robotics (ICCAR)"
conference::2025 international conference on computing technologies & data communication (icctdc),2025 International Conference on Computing Technologies & Data Communication (ICCTDC)
"conference::international journal of business, management and economics","International Journal of Business, Management and Economics"
conference::molecular and cellular biology / genetics,Molecular and Cellular Biology / Genetics
conference::journal für verbraucherschütz und lebensmittelsicherheit,Journal für Verbraucherschütz und Lebensmittelsicherheit
conference::the handbook of china's financial system,The Handbook of China's Financial System
conference::journal of plant nutrition,Journal of plant nutrition
conference::journal of the institution of engineers (india) series d,Journal of The Institution of Engineers (India) Series D
conference::artery research,Artery Research
conference::the future life of trauma,The Future Life of Trauma
"conference::saturday, 15 june 2019","SATURDAY, 15 JUNE 2019"
conference::journal of urbanism: international research on placemaking and urban sustainability,Journal of Urbanism: International Research on Placemaking and Urban Sustainability
conference::ieee international conference on grey systems and intelligent services,IEEE International Conference on Grey systems and Intelligent Services
conference::journal of food and nutrition research,Journal of Food and Nutrition Research
conference::life after privacy,Life after Privacy
conference::jornal de pediatria,Jornal de Pediatria
"conference::proceedings of the 48th international academic conference, copenhagen","Proceedings of the 48th International Academic Conference, Copenhagen"
conference::landslides,Landslides
"conference::slavic review: interdisciplinary quarterly of russian, eurasian, and east european studies","Slavic Review: Interdisciplinary Quarterly of Russian, Eurasian, and East European Studies"
conference::optical and quantum electronics,Optical and quantum electronics
conference::bmj open,BMJ Open
conference::journal of neuroengineering and rehabilitation,Journal of NeuroEngineering and Rehabilitation
conference::optoelectronics letters,Optoelectronics Letters
conference::international conference on industrial technology,International Conference on Industrial Technology
conference::in the shadow of the epidemic,In the Shadow of the Epidemic
conference::scientific investigations report,Scientific Investigations Report
conference::chen yi,Chen Yi
conference::journal of high energy physics,Journal of High Energy Physics
conference::iop conference series: materials science and engineering,IOP Conference Series: Materials Science and Engineering
conference::international symposium on optomechatronic technologies,International Symposium on Optomechatronic Technologies
conference::hormones,HORMONES
conference::modern network technologies,Modern Network technologies
conference::applied mathematics and mechanics,Applied Mathematics and Mechanics
conference::definitions,Definitions
conference::akuntabilitas,Akuntabilitas
conference::sexually transmitted diseases,Sexually Transmitted Diseases
conference::international conference on optoelectronic and microelectronic technology and application,International Conference on Optoelectronic and Microelectronic Technology and Application
conference::aerosol and air quality research,Aerosol and Air Quality Research
conference::geomagnetism and aeronomy,Geomagnetism and Aeronomy
conference::paripex-indian journal of research,PARIPEX-INDIAN JOURNAL OF RESEARCH
conference::optics communications,Optics Communications
conference::college literature,College Literature
conference::business and economic research,Business and Economic Research
conference::advances in design and control,Advances in design and control
conference::2020 the 4th international conference on business and information management,2020 The 4th International Conference on Business and Information Management
conference::journal of asian studies,Journal of Asian Studies
conference::comparative clinical pathology,Comparative Clinical Pathology
conference::resources for american literary study,Resources for American Literary Study
conference::international and comparative law quarterly,International and Comparative Law Quarterly
conference::optics + photonics,Optics + Photonics
conference::child indicators research,Child Indicators Research
conference::teorìâ ta metodika fìzičnogo vihovannâ,Teorìâ ta Metodika Fìzičnogo Vihovannâ
conference::the cambridge law journal,The Cambridge Law Journal
conference::the creolization of theory,The Creolization of Theory
conference::european heart journal,European Heart Journal
conference::mathematics,Mathematics
conference::revista tecnología en marcha,Revista Tecnología en Marcha
conference::revista bibliomar,Revista Bibliomar
conference::medical herald of the south of russia,Medical Herald of the South of Russia
conference::progress in electromagnetics research letters,Progress In Electromagnetics Research Letters
conference::journal of food measurement & characterization,Journal of Food Measurement & Characterization
conference::catena,CATENA
conference::optics & photonics,Optics & Photonics
conference::annals of surgical oncology,Annals of Surgical Oncology
conference::agile auditing,Agile Auditing
conference::indian journal of transplantation,Indian Journal of Transplantation
conference::aquatic ecology,Aquatic Ecology
conference::revista de la sociedad entomológica argentina,Revista de la Sociedad Entomológica Argentina
conference::intertextual explorations in deuterocanonical and cognate literature,Intertextual Explorations in Deuterocanonical and Cognate Literature
conference::journal of petroleum science and engineering,Journal of Petroleum Science and Engineering
conference::journal of business-to-business marketing,Journal of Business-to-Business Marketing
conference::business history review,Business History Review
conference::european journal of soil science,European Journal of Soil Science
"conference::the handbook of race, ethnicity, crime, and justice","The Handbook of Race, Ethnicity, Crime, and Justice"
conference::international journal of business technology and organizational behavior (ijbtob),International Journal of Business Technology and Organizational Behavior (IJBTOB)
conference::communications in mathematics and statistics,Communications in Mathematics and Statistics
conference::conference record of ieee international symposium on electrical insulation,Conference record of IEEE International Symposium on Electrical Insulation
conference::journal of thoracic disease,Journal of Thoracic Disease
conference::2008 10th anniversary international conference on transparent optical networks,2008 10th Anniversary International Conference on Transparent Optical Networks
conference::nature,Nature
conference::ichthyological research,Ichthyological Research
conference::applied mathematics and control sciences,Applied Mathematics and Control Sciences
conference::renewable energy,Renewable Energy
conference::international conference on optical communications and networks,International Conference on Optical Communications and Networks
conference::tropical animal health and production,Tropical Animal Health and Production
conference::revista de economía y estadística,Revista de Economía y Estadística
conference::world health organization,World Health Organization
conference::edinburgh medical journal,Edinburgh medical journal
conference::down from olympus,Down from Olympus
conference::dialogue,Dialogue
conference::british journal of pharmacology,British Journal of Pharmacology
conference::the classical review,The Classical Review
conference::scientific reports,Scientific Reports
"conference::clinical respiratory physiology, exercise and functional imaging","Clinical respiratory physiology, exercise and functional imaging"
conference::hormone research in paediatrics,Hormone Research in Paediatrics
"conference::african journal of hospitality, tourism and leisure","African Journal of Hospitality, Tourism and Leisure"
conference::acs photonics,ACS Photonics
conference::the godman and the sea,The Godman and the Sea
conference::national association of korean local government studies,National Association of Korean Local Government Studies
conference::proceedings of 2011 ieee cie international conference on radar,Proceedings of 2011 IEEE CIE International Conference on Radar
conference::laboratoriums medizin,Laboratoriums Medizin
conference::annals of public health reports,Annals of Public Health Reports
conference::developments in petroleum science,Developments in Petroleum Science
conference::2013 ieee 8th conference on industrial electronics and applications (iciea),2013 IEEE 8th Conference on Industrial Electronics and Applications (ICIEA)
conference::crustaceana,Crustaceana
conference::pediatrics,Pediatrics
conference::administrative law,Administrative Law
conference::2023 2nd international symposium on aerospace engineering and systems (isaes),2023 2nd International Symposium on Aerospace Engineering and Systems (ISAES)
conference::age of empires,Age of Empires
"conference::research in agriculture, livestock and fisheries","Research in Agriculture, Livestock and Fisheries"
conference::the law of international organisations (third edition),The law of international organisations (third edition)
"conference::the complete letters of henry james, 1884–1886","The Complete Letters of Henry James, 1884–1886"
conference::journal of modern optics,Journal of Modern Optics
conference::natural hazards,Natural Hazards
conference::kvasny prumysl,Kvasny Prumysl
conference::optical engineering: the journal of spie,Optical Engineering: The Journal of SPIE
conference::international forum on research and technologies for society and industry leveraging a better tomorrow,International Forum on Research and Technologies for Society and Industry Leveraging a better tomorrow
conference::the american journal of digestive diseases,The American Journal of Digestive Diseases
conference::international journal of current microbiology and applied sciences,International Journal of Current Microbiology and Applied Sciences
conference::journal of sustainable finance & investment,Journal of Sustainable Finance & Investment
conference::clinical nutrition,Clinical Nutrition
conference::plant systematics and evolution,Plant Systematics and Evolution
conference::international journal of vehicle structures and systems,International Journal of Vehicle Structures and Systems
conference::pediatric research,Pediatric Research
conference::pediatrics in review,Pediatrics in review
"conference::studies in systems, decision and control","Studies in Systems, Decision and Control"
conference::international soil and water conservation research,International Soil and Water Conservation Research
conference::reactions weekly,Reactions weekly
