from,to,type
0000b9b34a4fce9198e6dcd8aae8bf4e3c8d7a91,data management,HAS_TOPIC
0002b68402c0c4eea932b871e82e803db0a55991,data management,HAS_TOPIC
0003b1146649fd8822274f8e9eb9b09be6b9b76a,data management,HAS_TOPIC
0003b49f9f3650d05eebffc2b2e6ce59e2127dc1,big data,HAS_TOPIC
00044a527a0642b08f385cda845331f0fc8cbbfd,big data,HAS_TOPIC
00044a527a0642b08f385cda845331f0fc8cbbfd,data analytics,HAS_TOPIC
0004d56897ecd2cad15a6e6f5ee656639b786bd7,data model,HAS_TOPIC
0005bdd13947f78a673515a9b5b77ce75f815ca8,large-scale data,HAS_TOPIC
0005ca425ed75f4bb364719468fa5103c2dbadac,big data,HAS_TOPIC
00060f109d375b995fda6370a17481cdff4e4fdf,data management,HAS_TOPIC
0006b9966d70028a26dd4fe4200e6fa793de5b7c,data management,HAS_TOPIC
0008f069cf3e6a2a37b572f1a0990b68bc31e119,data mining,HAS_TOPIC
000a3a862777eda01278161a949b2ffb3f1e5186,data management,HAS_TOPIC
000b8997f185535491642baad00f6b072a936138,data modeling,HAS_TOPIC
000b8997f185535491642baad00f6b072a936138,data model,HAS_TOPIC
000d3c264725ef70000b19468d6665922fe1e4e1,data model,HAS_TOPIC
000e401b2d296c6daa702e66e908082b2aee324a,data model,HAS_TOPIC
000e401b2d296c6daa702e66e908082b2aee324a,big data,HAS_TOPIC
000e7afcc06a6bb135c8d3388d83a4ae92df2acb,data management,HAS_TOPIC
000eb3d44b3b7e43f4221b8e974360c044cb36a0,big data,HAS_TOPIC
000f4079fb3f5463ce7f5e566b541fec68a91f02,big data,HAS_TOPIC
000f90dfaa72bd8924efc58dcae50ff3319c117e,big data,HAS_TOPIC
0011db7fcfd578b5b51245f7d42ba5c76b585c1b,big data,HAS_TOPIC
00120e6da158e44fd5288f8d0ecaab8d33916111,data management,HAS_TOPIC
0012534f19f73f56ba99898a793302bda5412edb,data governance,HAS_TOPIC
00127492cdf6c111a20f0cb7205d66678611c592,data management,HAS_TOPIC
0012d8d140572835f6cefa4e190de200ad1d80fc,data mining,HAS_TOPIC
001380b07e1b7a7294bd1d21d4907856d90de981,data management,HAS_TOPIC
00147577856ce18c8c6ff297b146c7addd79d640,data mining,HAS_TOPIC
001666ad6b1f1e60dbb47d6d6614a7d91f5dcc81,data management,HAS_TOPIC
00182f6dd8439e57642e455e077802391e8afc1c,data analytics,HAS_TOPIC
00189f80ebe6a63d4077d63284587f54c114458b,big data,HAS_TOPIC
0018fabdd08706a00d284cc139310daf3f3f00bb,big data,HAS_TOPIC
001af46209bdf12f07cd82391361a5fb3e7597a4,data management,HAS_TOPIC
001bcf9d807c575fd730588aebbb37f2ee3941b1,big data,HAS_TOPIC
001c7118651a4dd643a3fabecab2668db1df78d2,big data,HAS_TOPIC
001d2024c4d5d9e39ca5262755ec72dfa5140112,data management,HAS_TOPIC
001d2024c4d5d9e39ca5262755ec72dfa5140112,data model,HAS_TOPIC
001d2024c4d5d9e39ca5262755ec72dfa5140112,data analytics,HAS_TOPIC
001d8851df4dc638a2dc224bcc05c7a697c08716,data management,HAS_TOPIC
001dc3198cc1f062947d763a376daef8a4958c27,big data,HAS_TOPIC
001dc3198cc1f062947d763a376daef8a4958c27,large-scale data,HAS_TOPIC
001dd13fab3eb46cc5fc2137752b88d35de400a7,data management,HAS_TOPIC
001e1e728b2c2323741efb30862215cf24b40072,data management,HAS_TOPIC
001e4a9c679e6bfa0183ff102fad2f688466bd5b,data management,HAS_TOPIC
001e4f495e09fd7a59b5e528c816f566a4d1cf7e,data management,HAS_TOPIC
001e55795905b1b6ab831d69113dbef34f4151a9,big data,HAS_TOPIC
002067d0bde0ceb1d25e11c84662390e7d098043,big data,HAS_TOPIC
00210f312916d7c21f7d81ecf625345ce02686bf,data management,HAS_TOPIC
00212c41b4025d907390ae035271eb0be1b94c9f,data mining,HAS_TOPIC
0002823978bfe94c10f9d14fdaf8c3d2a56545c5,query processing,HAS_TOPIC
0004707356153e24f31546a60734bb9d3e7f76af,big data,HAS_TOPIC
0004707356153e24f31546a60734bb9d3e7f76af,inverted index,HAS_TOPIC
0006263a143a6bcfa8eae2b6970fbebbb8569efd,large-scale data,HAS_TOPIC
000663c9e8828824303e7a96df589c36cfc4914e,big data,HAS_TOPIC
0007316746d9d3c2836ff6b81a6c0fb77d34e3f6,query optimization,HAS_TOPIC
0010ecdfaeb9ecf3ab0e2d1c575771a3f51e790a,inverted index,HAS_TOPIC
001af43d316859d23f10b6c07b56cf638ecd394b,big data,HAS_TOPIC
001e999b990a73428bf94bf758a5c510891ff8c0,indexing,HAS_TOPIC
0028a9350a032d08d6096f3dd03cb7bae8ee1cab,big data,HAS_TOPIC
002e1eb84184efe79981b2c08936c80312f0571a,data modeling,HAS_TOPIC
002e1eb84184efe79981b2c08936c80312f0571a,data model,HAS_TOPIC
002ecf74ea568343b82c04de3e56c4785a491551,indexing,HAS_TOPIC
002f697efabe3b8f0188e7a30383926e6d3e5c8e,database management,HAS_TOPIC
002f697efabe3b8f0188e7a30383926e6d3e5c8e,indexing,HAS_TOPIC
002fca76506ee087c86c4529c9c3c24f27411a6f,query processing,HAS_TOPIC
0031938039d717ec02feb6950f580c1077240e2b,data management,HAS_TOPIC
00340cd0742bf46504b51c5903e160b3ae81b203,indexing,HAS_TOPIC
0036514595bd9cc948797a33e56e0769d64a2c32,index structure,HAS_TOPIC
003afa58ec0cc324e69534748140dd613f63d4a4,query processing,HAS_TOPIC
003b8e09de86df0063def57121d57e6e132d6583,data analytics,HAS_TOPIC
003b8e09de86df0063def57121d57e6e132d6583,data mining,HAS_TOPIC
003c34e995ffab723b17eac86a1758703b7fb99b,query optimization,HAS_TOPIC
003ea80039762baed5e49fc38883f01ce8728f0e,indexing,HAS_TOPIC
00401438894565bbbfcd8298edeac9ab2ce2405c,data management,HAS_TOPIC
0044c39df8e6fc2a55f5c536aa286ec7dca290b0,data management,HAS_TOPIC
0044d49507798bc7725831c1a27ee8a0b009e07c,sql query,HAS_TOPIC
0048b7e329a9bdf6a7fd9e13b0090e4b09f2e9ff,sql query,HAS_TOPIC
004c80b4a7bea08f61dc7acbb99018900eda82ef,big data,HAS_TOPIC
00589a9ea35af016c8972b77ff7e7a4ff6174aaf,query processing,HAS_TOPIC
00589a9ea35af016c8972b77ff7e7a4ff6174aaf,sql query,HAS_TOPIC
00589a9ea35af016c8972b77ff7e7a4ff6174aaf,big data,HAS_TOPIC
005922eb302bfc9da85e4d0db59f2f742d798193,data mining,HAS_TOPIC
005fd9557252552aae1bc164e4531579019828fa,data analytics,HAS_TOPIC
006990c871020e628ffaccb86fb5007cc24a716a,indexing,HAS_TOPIC
0069cab68c6fce8c3ea696fa5ccc83c9997d72d2,data mining,HAS_TOPIC
006bd41c4a52c64445afdbc67182715a476e09c8,query execution,HAS_TOPIC
006ef099a3c9a408db085d5188058ca5bf6a8c13,database management,HAS_TOPIC
006f97369a8932958ed4267b4431f7180f38138b,query optimization,HAS_TOPIC
0070a0b6942ca10bce1d1eb47e72c4940ae44319,query processing,HAS_TOPIC
0073d8049d0ebd46be67ceb4927e28907930fab1,query processing,HAS_TOPIC
0073d8049d0ebd46be67ceb4927e28907930fab1,indexing,HAS_TOPIC
007af1676714e8ad8c9da33f0cb8a4fab56b125b,indexing,HAS_TOPIC
007e673c73c539ee4dd8b5aafffbdf3fd6a0fd4e,indexing,HAS_TOPIC
007f70efc8332dabb07c8ee2f5cc27c35b82c696,data analytics,HAS_TOPIC
008021712379b69639cc4f42c603de415e9edb1f,large-scale data,HAS_TOPIC
0081abcb30cb74e131f863f8befa35cbd85f9521,data management,HAS_TOPIC
0081abcb30cb74e131f863f8befa35cbd85f9521,query processing,HAS_TOPIC
0083f892466a0459b41b90d96807374bc690c719,query processing,HAS_TOPIC
0083f892466a0459b41b90d96807374bc690c719,large scale data,HAS_TOPIC
0083f892466a0459b41b90d96807374bc690c719,b-tree,HAS_TOPIC
008505dd28fc019062fb1c7bcde19922ad3b4e0e,query processing,HAS_TOPIC
008c6c99d053b8109ab82abdbf8d7dc84d0a9adf,query processing,HAS_TOPIC
008c6c99d053b8109ab82abdbf8d7dc84d0a9adf,indexing,HAS_TOPIC
008cc3dff5a169ed2a6fe9b1402ab3f1bd68f157,query processing,HAS_TOPIC
008d061e92c9c06582133cd37e1a2a481417e40d,query processing,HAS_TOPIC
008e878576ffe88f6b6a769d4f3489510935c6d0,data mining,HAS_TOPIC
008ea0980b18bd727d0c2d4cc9233be95094cb84,indexing,HAS_TOPIC
0090bb5143bc2af329bfae08a89857877bb38b9e,big data,HAS_TOPIC
009523862551ecec0da53dfd0365892cb9cb430b,query processing,HAS_TOPIC
009523862551ecec0da53dfd0365892cb9cb430b,big data,HAS_TOPIC
0097410ef810e7486b8898074e0a451d3fac5794,sql query,HAS_TOPIC
009839980b3cae29088e462a24b843785b6a3471,big data,HAS_TOPIC
00a0c769053dbe191de3a8e8f1645ab47c1be85c,query processing,HAS_TOPIC
00a1dadffbcf0d965322388a8e1a0a80e41b7ad3,query optimization,HAS_TOPIC
00a1dadffbcf0d965322388a8e1a0a80e41b7ad3,data modeling,HAS_TOPIC
00a1dadffbcf0d965322388a8e1a0a80e41b7ad3,data model,HAS_TOPIC
00a327e97bea22c2d86ecf762b6a5044b959c06a,index structure,HAS_TOPIC
00a37f81ac80ae9d8b00980b4c57915a7c115013,data analytics,HAS_TOPIC
00a624bc2bf1383a8fe4f7e8f66aeb3358737eb2,index structure,HAS_TOPIC
00ab33517f228adff1d86f703e1fa48e3610b1c4,database management,HAS_TOPIC
00ab33517f228adff1d86f703e1fa48e3610b1c4,big data,HAS_TOPIC
00aee4dd986045c82cbab968f2d5bc7b7eb4cb0f,query processing,HAS_TOPIC
00b23989d0d931b9ba78342b940139577c359a7b,big data,HAS_TOPIC
00b3827ce952ca80a3e0ff72f2646dcf92a6bda2,big data,HAS_TOPIC
00b97675a5ad9912a040ab6efce59f0c325d0b3b,query processing,HAS_TOPIC
00b9cc9ae2e0a0b70591b443b377794e8a3d9bef,indexing,HAS_TOPIC
00c49c081e28765dfa05f881ebd3a88588a90003,query processing,HAS_TOPIC
00c5591fa075e4d0c6262c41daf8271965f79226,database management,HAS_TOPIC
00c59f684ac2c8c02011499b2ae63b4eb8711063,query processing,HAS_TOPIC
00c7a97c69efd509addd4259b4d14fb1b96222da,query processing,HAS_TOPIC
00ca36aa0ba0c8c94590e18a56558d2a23be1f45,indexing,HAS_TOPIC
00d174fa267d85f652ac32c32c737c26d1dc1dd7,index structure,HAS_TOPIC
00d2843e028f033981b10f36337fcec6a443058b,indexing,HAS_TOPIC
00d2915f2f0fcb3654c41a144c0e4711e68c444b,data management,HAS_TOPIC
00d2915f2f0fcb3654c41a144c0e4711e68c444b,database management,HAS_TOPIC
00d4d2b0748a3012571521d2e3960e7ac180975b,data querying,HAS_TOPIC
00d4ec97d25c05c55725d5b0cd0f94c86f343918,data mining,HAS_TOPIC
00dabb78b149127e8091b0ccb23ed7656cd4abe7,big data,HAS_TOPIC
00dedb31b2afdb6c229dbf27b7943ed3204181e6,big data,HAS_TOPIC
00dedb31b2afdb6c229dbf27b7943ed3204181e6,data analytics,HAS_TOPIC
00e1cc1cdd5e928d2f446fe255fd6e98720b12fb,query optimization,HAS_TOPIC
00e2c006627f8ce5c479b941ca48e3fe6cd88cee,big data,HAS_TOPIC
00e59a80e662ca1644aea33ce444007e8b1a661a,big data,HAS_TOPIC
00e6e8a8dc5c4100584af8175e24616a8a5efab1,data management,HAS_TOPIC
00e6e8a8dc5c4100584af8175e24616a8a5efab1,big data,HAS_TOPIC
00ebab4c1e59102e5b2bf87bb6eb8f7be1d68f09,data management,HAS_TOPIC
00f0cff5c42f40c1a252975399e55dc60e19c75d,data management,HAS_TOPIC
00f0cff5c42f40c1a252975399e55dc60e19c75d,big data,HAS_TOPIC
00f9ecdc139aaff5ab2b7ce998daf270578af151,data mining,HAS_TOPIC
00fce90e82ee278c5853498f08b0095c4ba742d8,query processing,HAS_TOPIC
00fe713169f1f949c7c5c6e5d6c6419c45e55594,query optimization,HAS_TOPIC
00fe713169f1f949c7c5c6e5d6c6419c45e55594,query execution,HAS_TOPIC
0104b9b50f5a285c914e160c277b730a91f278e7,b-tree,HAS_TOPIC
0106269cf85d6ef1169398b91759b41bf513bfe2,query execution,HAS_TOPIC
0106269cf85d6ef1169398b91759b41bf513bfe2,data model,HAS_TOPIC
0106269cf85d6ef1169398b91759b41bf513bfe2,indexing,HAS_TOPIC
010996aac481c9191f290065542b0b7e3473257a,database management,HAS_TOPIC
01111eeea8e28c7332f086bd985303d682b7c7e1,big data,HAS_TOPIC
0112defa8a008005693c683bcdc630c0e04af0dc,data management,HAS_TOPIC
0112defa8a008005693c683bcdc630c0e04af0dc,database management,HAS_TOPIC
0115ed4b5495f126723c28a144226380f7dacf67,indexing,HAS_TOPIC
011713d09e5d2bf8a53e00d9c2a9918ec44fb2db,indexing,HAS_TOPIC
011c996b69ae6eaf69e36845a070d32872797f23,data management,HAS_TOPIC
011c996b69ae6eaf69e36845a070d32872797f23,query optimization,HAS_TOPIC
011c996b69ae6eaf69e36845a070d32872797f23,big data,HAS_TOPIC
01231ac1cd532937799bae610ee93ba9f5d1c081,big data,HAS_TOPIC
012f0695ab4fc4f5b7adc2e1df982cd244a7176d,data management,HAS_TOPIC
012f0695ab4fc4f5b7adc2e1df982cd244a7176d,large-scale data,HAS_TOPIC
012f715f3a484963baeee097f7e01e75f6681518,query processing,HAS_TOPIC
013b166fd2e66686ceba1c2c93fa7c3abd56e07b,data mining,HAS_TOPIC
013b52be6611b98b1d75b9465dfd5e46acf9286f,data analytics,HAS_TOPIC
013c9ab941730056dc1fbfa33f52b38f1d9c989f,data management,HAS_TOPIC
01417d685d55bcb807519820585d9e2b7d47858e,data model,HAS_TOPIC
0144656699df6ae57325222b4a2a891642fa36e5,query execution,HAS_TOPIC
0144656699df6ae57325222b4a2a891642fa36e5,data mining,HAS_TOPIC
0145f3bbf5f5d0dbb1efab13cec223a11b264a5c,data mining,HAS_TOPIC
00007a2ab87982569a877440737e7803fd719cdd,indexing,HAS_TOPIC
0001472f791aafdde51953add2706280a25954b5,data mining,HAS_TOPIC
000184e1da88ef4c14b23cba1d5670975dc95c83,big data,HAS_TOPIC
0001d2042ed1f0ded9e85edc353860c2d5c3a0cc,big data,HAS_TOPIC
000314f9b0007e9aecb790393740a9d1ab8662a2,big data,HAS_TOPIC
0003c6131a0c6dee749bed02d008361dc23024f2,data model,HAS_TOPIC
000559ddec47a6e2f1b06829d1b1c2f73270b55f,big data,HAS_TOPIC
0005652ac7e1bed2163fa6815bb38172fae80525,data analytics,HAS_TOPIC
000621a67fa7b6ca0a0d3240e2e67d0db2581682,big data,HAS_TOPIC
00063a7112bf968e9601386929b80ee8a5b0e941,data modeling,HAS_TOPIC
00063a7112bf968e9601386929b80ee8a5b0e941,data model,HAS_TOPIC
000640e3a7a69e74475c693b35a2e5e779845660,data model,HAS_TOPIC
0006852e342d2cba530221ea77cd914688cb1523,data mining,HAS_TOPIC
0007846c1ae0f19f3e271a7a684e5d8674ddaeea,data model,HAS_TOPIC
0007b5ac7cf2844a650f4f0df0fce56c318223b7,big data,HAS_TOPIC
000821454305abb529994dca84dc4aa7cc861892,large-scale data,HAS_TOPIC
0008b77bbac08f161ae5bc1f3663ae21f68b4ac0,big data,HAS_TOPIC
0009021fc6d0aab240b8e129b3250ead0410ae98,data model,HAS_TOPIC
000128c284ebc1005135bfce49d7525e05519d42,big data,HAS_TOPIC
0002719d6d10a0db99c67c63beb03a6a16e2edfa,big data,HAS_TOPIC
00033e34d51fdb7cbf1040b19638f89810fe1742,big data,HAS_TOPIC
00033e34d51fdb7cbf1040b19638f89810fe1742,data analytics,HAS_TOPIC
00036e8ce47307c9a49dec4669da40fdea11e3a0,big data,HAS_TOPIC
0005118cecae3a950908dbe3d71fb5a3bfef67ca,big data,HAS_TOPIC
0005b409b6514da7dad30b0ce4415a3ea2b43bd2,big data,HAS_TOPIC
0005c04c922785a9e9649e8746f9ce088ce1edbe,big data,HAS_TOPIC
0006105c3adffd93d40630c60d1a13d12ca74301,big data,HAS_TOPIC
00089b75d70c19e3cf8b26f9f48a26d5ca86b3f8,big data,HAS_TOPIC
0008e2735c7fabd74393ef7aceb40c1542cfe219,big data,HAS_TOPIC
000996d180ee7cc81e7809a5b8bfac34b2cb095d,data mining,HAS_TOPIC
0009e84bbb8cf977819b444d8e7f9b9d463183cf,big data,HAS_TOPIC
000a0e43091625c14f5a45c357064daec49dca42,big data,HAS_TOPIC
000a0e43091625c14f5a45c357064daec49dca42,data analytics,HAS_TOPIC
000ba252abd6ebfc75b6d67fe9d0097060595104,big data,HAS_TOPIC
000bfcf7a0939a3ef1d0f4c7815412ba5c6c1a3d,big data,HAS_TOPIC
000c16e2d6548533eedb61a7a80e18afb08c6bbb,big data,HAS_TOPIC
000cf2bc89665c6176fb7c5a9bd4faa0bd2827e2,big data,HAS_TOPIC
000dca71877ed893ed8bfd6ad2dcd3a3f7abff90,data model,HAS_TOPIC
000dca71877ed893ed8bfd6ad2dcd3a3f7abff90,big data,HAS_TOPIC
000deca85dee4b5a9b22bd377c58df8db973033b,big data,HAS_TOPIC
000df5e2dc6811d17e8b177a0aec24dce5210525,big data,HAS_TOPIC
000df5e2dc6811d17e8b177a0aec24dce5210525,data analytics,HAS_TOPIC
000e0cb4a00645aa604a59c278c7d5e9087892b1,big data,HAS_TOPIC
000e32f91e5ef66d295f04a97c0b362aab99a937,big data,HAS_TOPIC
000e47dbaa0800339ed72ccbbc278aee10789f4d,big data,HAS_TOPIC
000e64eea7095f80fb201774c735f98b0efa9807,data analytics,HAS_TOPIC
000e64eea7095f80fb201774c735f98b0efa9807,indexing,HAS_TOPIC
000e71d7a24b97355e01d16267bce41cc1af100d,data model,HAS_TOPIC
000e71d7a24b97355e01d16267bce41cc1af100d,big data,HAS_TOPIC
000e72b199ca1c622ac326f07d0e20ea23dec601,big data,HAS_TOPIC
000e90aa4d5ce7e0ef87f7840eb696eb149c9077,big data,HAS_TOPIC
000f0e56ba6b17db952e885962f539e2d2e9da07,big data,HAS_TOPIC
000fd8e357c5a55447d8e75097c9d5ad6a83d4c7,big data,HAS_TOPIC
0010a7e4a95fe3430912ba43db53d75e2aa9456c,big data,HAS_TOPIC
0010ecf40e97d4ae79577a06ba0dcf2c57f7d10a,big data,HAS_TOPIC
0010fbb425f8f7adaefa2d6c3a58005737cc7c8e,big data,HAS_TOPIC
00124054c1d78bc36feb5579df2b9460135ccc63,big data,HAS_TOPIC
00124d0c05901f82a7f3736d2a5693b65f853665,big data,HAS_TOPIC
0012e53b5e96469c788fe9a31c8c0ef6785285d1,big data,HAS_TOPIC
0014622369bd84a22669010ca7e1d6288e52c47f,big data,HAS_TOPIC
0014622369bd84a22669010ca7e1d6288e52c47f,data mining,HAS_TOPIC
00148a81ff6b2d8376144d6b2215ab39504b8154,big data,HAS_TOPIC
00150fd38e66d5460bafd5aab90a40140e8de154,big data,HAS_TOPIC
00172093e55deb28a770d232f1e88d86beaaa668,big data,HAS_TOPIC
00172f48607a11ab43710528f12d2478fb0b922d,big data,HAS_TOPIC
0017607e95596204155f4e049495ab0afc001da0,big data,HAS_TOPIC
00182904badd5a98d55ca9844797b2c0918d0c2f,big data,HAS_TOPIC
0018847ff798624045247b88a2ef891875716354,big data,HAS_TOPIC
001a3df5191e99ac9499730c710826f8ddf034ca,data governance,HAS_TOPIC
001a3df5191e99ac9499730c710826f8ddf034ca,big data,HAS_TOPIC
001a7f4a72cadfd2e099b5bd4cc503fa874bb0da,big data,HAS_TOPIC
001ae421aee10c19ff310b83910d63b9fc223625,big data,HAS_TOPIC
001be2b66c4e6f24231528e9f5cc89185512eff6,big data,HAS_TOPIC
001be2b66c4e6f24231528e9f5cc89185512eff6,data analytics,HAS_TOPIC
001e4d3f04bb5c85d4933e62e1551a580baefe20,big data,HAS_TOPIC
001f42ee83b52eca36e734405285dd674d42accc,big data,HAS_TOPIC
001fefb1277acdd40c522bf60870cfd737a43d37,big data,HAS_TOPIC
0020000d50eec5301ea02be3309ab6e90aef34a0,big data,HAS_TOPIC
0020c5027fcfee6db569872f7cbe6e827358b3b3,big data,HAS_TOPIC
0020d65e1c8d987a6502f92a481cd27187a8330d,big data,HAS_TOPIC
00230cd9e657dc77899f68bdd34cfaa46c657663,big data,HAS_TOPIC
00230cd9e657dc77899f68bdd34cfaa46c657663,data analytics,HAS_TOPIC
0023d01ead095ae1ea73c9e4f30468d04a6ad73e,big data,HAS_TOPIC
0023d15833dd731942a816b8a5538693574860c3,data management,HAS_TOPIC
0023d15833dd731942a816b8a5538693574860c3,big data,HAS_TOPIC
0024d0e21650820838a5123fc0e826fcd6962692,big data,HAS_TOPIC
0024d71483f6941cd96fa18531835888e4d33259,big data,HAS_TOPIC
0024e45c4e631490db37b555bf2fd8161e58cff7,big data,HAS_TOPIC
00256dfcf329e50b7189d9b1ecd0de9d5a8d0f47,big data,HAS_TOPIC
00257252f4609621d1dcf1d33e3559a4498e6c6b,big data,HAS_TOPIC
00257252f4609621d1dcf1d33e3559a4498e6c6b,data analytics,HAS_TOPIC
0025ba722bb69bbd92a961b56773daecd9ade5cf,big data,HAS_TOPIC
00266a38961da837645eff614de69f6ec84306d5,big data,HAS_TOPIC
002674132262980e80cdd0671e786285bef4f34a,big data,HAS_TOPIC
002674132262980e80cdd0671e786285bef4f34a,data analytics,HAS_TOPIC
00267b54ca28b951edba065a8ef193eb9177c2d3,big data,HAS_TOPIC
0026ea8a0fd31bdc959a4b9ed4d449f3015be8d1,data management,HAS_TOPIC
0026ea8a0fd31bdc959a4b9ed4d449f3015be8d1,big data,HAS_TOPIC
00278cb4d94ba6f48a42ae8544de8d60a49d8dd1,big data,HAS_TOPIC
00278cb4d94ba6f48a42ae8544de8d60a49d8dd1,data analytics,HAS_TOPIC
0028d5ce241a3b174193de2da96de1c069553c37,big data,HAS_TOPIC
002903cf9cc61cbf3d7cb5e025ea3f0c8e09327a,big data,HAS_TOPIC
002b1598f0187f06d20a436fc5c23b758df7a346,big data,HAS_TOPIC
002b1e11d812e002fd50bff4ff7de0010cf827a5,big data,HAS_TOPIC
002b217be96fd10f6d742e6e92a679ad745b79dc,big data,HAS_TOPIC
002cf75051d1cb28b814eb3bbcc944faf43e2ca2,big data,HAS_TOPIC
002d0bd5752e6c75bf88501fe733c7d461c84f74,big data,HAS_TOPIC
002dbbc7b5570081c40aba6c1e2fe00c7f0a035d,big data,HAS_TOPIC
002debc857f3120d92da3646a218ae6efa6fc005,big data,HAS_TOPIC
002debc857f3120d92da3646a218ae6efa6fc005,data analytics,HAS_TOPIC
002dfadfd071676eeeb8dc8d4df549f1f2444009,big data,HAS_TOPIC
002e0628b2f4a221c4c2beb680c89c29d8cc1228,big data,HAS_TOPIC
002fbb30a896d2ca20889d261cb5fc32b44b34b5,big data,HAS_TOPIC
002fe98acd0da07146ae711a8620cef535488681,indexing,HAS_TOPIC
0030d0a8bc20ae67d5e32333bc740b1a91431c8f,big data,HAS_TOPIC
0032323ddf0dd5ed750dea175330298ecfabaa90,big data,HAS_TOPIC
003248b063c5974947be329060d350f660f71d4d,big data,HAS_TOPIC
003248b063c5974947be329060d350f660f71d4d,data analytics,HAS_TOPIC
00330ecf284ccf48e38826d8ebbd3ab4b88bd130,big data,HAS_TOPIC
00331737271483ac713994534eba7de9e5c13b2c,big data,HAS_TOPIC
003324a0aa456ae87e3da6a55b812e2e1eb97074,big data,HAS_TOPIC
00339a085b8529999e9caf012e9d13a2f37e4cb9,big data,HAS_TOPIC
00339a085b8529999e9caf012e9d13a2f37e4cb9,data mining,HAS_TOPIC
0033b5db2e34c1c3618f275b8cca92e851bb7582,big data,HAS_TOPIC
00343a5e082d9ab865a3982ca8af5056646c6530,big data,HAS_TOPIC
00343c31b05275828e99e7a9d7f1ef937f6c4aed,big data,HAS_TOPIC
003449b70230a003f9a5665512706deb678c071a,big data,HAS_TOPIC
0034f641d1b297a7b481de889aef206a056e0710,big data,HAS_TOPIC
003531402abcfa2aa8c3b19664f49a4b41bb23db,big data,HAS_TOPIC
003594182dc7ff149058c51adda89b95c4fb55f7,big data,HAS_TOPIC
003594182dc7ff149058c51adda89b95c4fb55f7,data analytics,HAS_TOPIC
0035d7659671f781989b6f6df013a24474b1b15f,big data,HAS_TOPIC
0035f32347511f8d0250380880797b39dd5ff4ee,big data,HAS_TOPIC
00363b326b7a86cdab50557f717d37a9e5971931,big data,HAS_TOPIC
00363b326b7a86cdab50557f717d37a9e5971931,large-scale data,HAS_TOPIC
0036962d1816ee86b47b735025ddb2a5b97090f9,big data,HAS_TOPIC
0037ae0a33d7f0f48bc372a8a4255603e997d509,big data,HAS_TOPIC
00381b7d6777d97ee5a092cc0d87a2fa5bdb515a,big data,HAS_TOPIC
0039029bdb108912f3e33ed16ac8e687ec4118b8,big data,HAS_TOPIC
003943d943b54a464822044a53e808031d8abbfc,big data,HAS_TOPIC
00394d6c3aa41c96a76b8d329174f7ada720e874,big data,HAS_TOPIC
0039612e26b10bae2c82bcf5a79f34c8bdb961f5,big data,HAS_TOPIC
003985b5d74db392e7f8bdcf821c1d59553dd2b3,big data,HAS_TOPIC
003ad647b23fc366cf0afc1a425474d608308279,big data,HAS_TOPIC
003b0d8b5423feefe01f9b0123e983163b57c5bc,big data,HAS_TOPIC
003b7c407613446ba9926ce4bd1688bce74840f2,big data,HAS_TOPIC
003bd599e33e427a4e6c3f0574472625fcf9e0c2,big data,HAS_TOPIC
003be4f7d6f2430ea4250a1954216f5d431b4c6f,big data,HAS_TOPIC
003bf44acac21e0700366b87fac3b58419fe3393,big data,HAS_TOPIC
003c197b208f3c76e7a24d28726a86312a42f11d,big data,HAS_TOPIC
003c673c7431f7f736e604a3009e0d0e4f5150a7,big data,HAS_TOPIC
003c76c07dd00f491319befe75ceab7a36d19dbf,big data,HAS_TOPIC
003cc43635a2ab73d8251f12cb6fa8b84ccc778c,big data,HAS_TOPIC
003d84569b9681e9c63236dc100fbfc809164ee1,big data,HAS_TOPIC
003d94f267746c5c1a48f216b006fba23b954301,big data,HAS_TOPIC
003dadd684445bdeacb638ba0d153e2aad975990,big data,HAS_TOPIC
003de1bb32a8c97486c0e29e4e41d4ba6df2a51f,big data,HAS_TOPIC
003e55c2f9be98c0c5281b6d278e0108a582b4f1,big data,HAS_TOPIC
003e95e9d76a7b280c3a67f6c571921deacc0703,big data,HAS_TOPIC
003eb6e26dd2ef9cbdd0515c5c32840c4dacb099,big data,HAS_TOPIC
003ef66767adb1e9f2015b2c3f145f37d75f19dc,data model,HAS_TOPIC
003ef66767adb1e9f2015b2c3f145f37d75f19dc,big data,HAS_TOPIC
00405a640446f517de91d8773e5171defc6da454,big data,HAS_TOPIC
00406a27e9c26d2c35ddaf1e105c2bdd77109c61,big data,HAS_TOPIC
00406a91ea8f9fb67cbe544cebea9e05e0fbdf38,big data,HAS_TOPIC
00406a91ea8f9fb67cbe544cebea9e05e0fbdf38,data analytics,HAS_TOPIC
00406a91ea8f9fb67cbe544cebea9e05e0fbdf38,data mining,HAS_TOPIC
0040d93083d808e70bb8f16126891242ff9e5dfc,big data,HAS_TOPIC
0040fbc24133d560c7de163f4bd7a32e07f9fd1e,big data,HAS_TOPIC
0040fbc24133d560c7de163f4bd7a32e07f9fd1e,data analytics,HAS_TOPIC
004134855405ddd92f07e7aebd317a27d24628fa,big data,HAS_TOPIC
00413d04e2682f222c2fa45d7bf5dc551093ac2e,big data,HAS_TOPIC
0042530a5790cef4d816baffebfdfdf216c272e8,big data,HAS_TOPIC
0042f46b46a6f0f754f44d95b85ba5f5d8d7ce7c,big data,HAS_TOPIC
0042f46b46a6f0f754f44d95b85ba5f5d8d7ce7c,data analytics,HAS_TOPIC
0044503a14cc3bbd9e4b2c72a6d5c18abf055b57,big data,HAS_TOPIC
0044503a14cc3bbd9e4b2c72a6d5c18abf055b57,data analytics,HAS_TOPIC
00445fedfe30ce47a3fb204ed2a1f7eb31374246,data management,HAS_TOPIC
00445fedfe30ce47a3fb204ed2a1f7eb31374246,big data,HAS_TOPIC
0044c601098d7cda2c551d3c8111f4ad5440d6b1,big data,HAS_TOPIC
0044c601098d7cda2c551d3c8111f4ad5440d6b1,data analytics,HAS_TOPIC
00454ca42c3de41dd1e968c1ac527cfa7095e34b,data modeling,HAS_TOPIC
00454ca42c3de41dd1e968c1ac527cfa7095e34b,data model,HAS_TOPIC
00454ca42c3de41dd1e968c1ac527cfa7095e34b,big data,HAS_TOPIC
00454ca42c3de41dd1e968c1ac527cfa7095e34b,data analytics,HAS_TOPIC
00460ae32cc2d9b1429b7795df467bdddae01072,big data,HAS_TOPIC
00466c609503d04736bc1124687ec4e8f71710ef,data management,HAS_TOPIC
00466c609503d04736bc1124687ec4e8f71710ef,data modeling,HAS_TOPIC
00466c609503d04736bc1124687ec4e8f71710ef,data model,HAS_TOPIC
00466c609503d04736bc1124687ec4e8f71710ef,big data,HAS_TOPIC
00469139b697a7fdb06f742ea20fe92e071e79b2,big data,HAS_TOPIC
0046b6de7923cbea8f6e2ff096418c5532d41ce0,data management,HAS_TOPIC
0046b6de7923cbea8f6e2ff096418c5532d41ce0,big data,HAS_TOPIC
0047110e62edb20e946f6d4e498e2506066c67ad,data modeling,HAS_TOPIC
0047110e62edb20e946f6d4e498e2506066c67ad,data model,HAS_TOPIC
0047110e62edb20e946f6d4e498e2506066c67ad,big data,HAS_TOPIC
00471d6d46153ee7fe7fe1672e14d87e6f92c237,big data,HAS_TOPIC
0047cbaf0ea59d2447d45a264516a5a7547512ee,big data,HAS_TOPIC
0047cbaf0ea59d2447d45a264516a5a7547512ee,data analytics,HAS_TOPIC
0047cbaf0ea59d2447d45a264516a5a7547512ee,data mining,HAS_TOPIC
0047d39702aca6d5f8664aaf097418dcdf00045f,big data,HAS_TOPIC
0047d39702aca6d5f8664aaf097418dcdf00045f,data analytics,HAS_TOPIC
00480c39b4436cf8e29a3b483c04532c89696496,data management,HAS_TOPIC
00480c39b4436cf8e29a3b483c04532c89696496,big data,HAS_TOPIC
0048d0e4141b64216ad9659f0f519b9e1252f76f,big data,HAS_TOPIC
0048d0e4141b64216ad9659f0f519b9e1252f76f,data analytics,HAS_TOPIC
0049970065c18aa79a7eb7a4fa7551874a6fd0c8,big data,HAS_TOPIC
004a63bfb67f2a9c65a5db5a7d6f4b9dac8e7dcf,big data,HAS_TOPIC
004af80053985b03994025af4a63fe19827af11d,big data,HAS_TOPIC
004bbc157232ea1dcf1e8300b68544be5d68282b,big data,HAS_TOPIC
004be4915ce1095df30e691cbeea2a6c4c7e12e5,big data,HAS_TOPIC
004d1487fde21280bd80b3d39cb486b97a4a7703,big data,HAS_TOPIC
004d409ad4c116eb9e21d07ae25c7ffbcc8c1a7a,big data,HAS_TOPIC
004e1e48c8b5bf4d159d683d722604ee0ba37be1,big data,HAS_TOPIC
004e5c1fe7c20296a8e94f9b235f0ebfb4b83807,big data,HAS_TOPIC
004fc5446eb021f00ee1b87f906b3bbf1cd219e3,big data,HAS_TOPIC
0050232ea4ee42d989e5a247aa10c7206caeeb16,big data,HAS_TOPIC
0050551c4c199e6c9cf10e6e775622fa6942f09c,big data,HAS_TOPIC
0050c11cfbdfeb672af8ffc545b0f69c708575f8,big data,HAS_TOPIC
0050c11cfbdfeb672af8ffc545b0f69c708575f8,data analytics,HAS_TOPIC
0050d2ff39a8d65f6a6e51b86d7c759ce78d805a,big data,HAS_TOPIC
0050eea2c464e06d019bce218aaacb72a9123efa,big data,HAS_TOPIC
005143d56ddb469b14a8c6d098b886361cbdc738,big data,HAS_TOPIC
00515c4e0044f925007dd44485d55c7560a24ace,big data,HAS_TOPIC
0051714439f3cc01dc73999fe2ad235978641031,big data,HAS_TOPIC
00526a1d6d962ca26b39ee9043457c609b4508af,big data,HAS_TOPIC
00530f759fce36ea6e5d21421ae4e1cdcf7b6c9f,big data,HAS_TOPIC
00533ffb9e6fea78aeb92333c406b874c36b8dd6,big data,HAS_TOPIC
00545e78f9ea8867530194b4419ebf6e0dd1ded3,big data,HAS_TOPIC
0054ca0afccde1fb07cbfa01003e530928f2ff56,big data,HAS_TOPIC
0056bb2acfed2ad3e6651558a42158feb414cdfc,big data,HAS_TOPIC
0056d12537e074f52a469fa783696c8381ce8eb6,big data,HAS_TOPIC
00572dafa817672173379de5c5c1724f27bdc09f,big data,HAS_TOPIC
00572dafa817672173379de5c5c1724f27bdc09f,data mining,HAS_TOPIC
00574de1f3d4e200928cfae91d6659110e90bc8b,big data,HAS_TOPIC
00574de1f3d4e200928cfae91d6659110e90bc8b,data analytics,HAS_TOPIC
0057d1b7aedf0fed093056ab0889e18f15f1e3ce,big data,HAS_TOPIC
0057d63f03bf2def1e49a6355ad9d85fa3b8b31b,big data,HAS_TOPIC
00584a938005d9a1f755043e2e9b262a9f4b8191,big data,HAS_TOPIC
0059257a200c4b16e558c8f1a710481a7be2ff2d,data mining,HAS_TOPIC
005a163ffc06da9ac8e106ec52db2ea9982797e7,big data,HAS_TOPIC
005a53911d26514490f9a0fb01a8c3daaaca1fe1,big data,HAS_TOPIC
005aca7da88389ac7e7cb88642d0312eff5e7925,big data,HAS_TOPIC
005aeddb4fc30a73410e4da591fcd8ff46714d63,big data,HAS_TOPIC
005b0667e4280921814f8fae298eb00131a18e56,big data,HAS_TOPIC
005b546b7703efad06fc10d162f13370a44c1ff9,big data,HAS_TOPIC
005bcf6fd759a149dddd2e501f3e20f77c74deea,big data,HAS_TOPIC
005be14d904a85ef300ff3f5384f5ea8041d5397,big data,HAS_TOPIC
005be14d904a85ef300ff3f5384f5ea8041d5397,data mining,HAS_TOPIC
005c08a592739806d3ffe8f2d12d86b5eb86b686,data management,HAS_TOPIC
005c08a592739806d3ffe8f2d12d86b5eb86b686,big data,HAS_TOPIC
005c936a2eaa60a04ddb24abef96765d3d16bbab,big data,HAS_TOPIC
005c9cb3e8b6c510673ceba8183b8c48efc867b2,big data,HAS_TOPIC
005cc8245b41f7e9339b0bb1ca3df679ae54f809,big data,HAS_TOPIC
005cc8245b41f7e9339b0bb1ca3df679ae54f809,indexing,HAS_TOPIC
005d5526d3c73ebecbdf2afdda8e7b934983ea30,big data,HAS_TOPIC
005e1660e5daf163a14aafa1101fc40961d7469e,big data,HAS_TOPIC
005fc7dc263928623a94fa398a4297b94d24f30e,big data,HAS_TOPIC
00602a15ead867adaf204a8d9107683ee4946438,big data,HAS_TOPIC
0060b245110496ac673b8d792d25ae8ee0d44a52,big data,HAS_TOPIC
00611b219e5b11e5da5be3676f60c5710a72e7e1,big data,HAS_TOPIC
0062d6fe5ee225866f377e550d8551dc7ae777c4,big data,HAS_TOPIC
0062e0ee8539ef001b25ca6fb7363c7f7c239830,big data,HAS_TOPIC
00636154b86b68efaaef2e772edece460b7f45aa,big data,HAS_TOPIC
00643377d243150e24be8d1863971300ad9163a1,big data,HAS_TOPIC
00643377d243150e24be8d1863971300ad9163a1,data analytics,HAS_TOPIC
006510f0e037bf5dd423fca1c8d28385ccf1bd04,big data,HAS_TOPIC
00662b924e5b21fdad6f105f20ae5f1542352130,big data,HAS_TOPIC
0066de7b8ffb60a36b04b4d0b7711e6a1b2d9a09,big data,HAS_TOPIC
0067649f3626b44f43cd1b3925a132433d20440a,big data,HAS_TOPIC
006873c94aab66039bd04104b07bd4557ba716d9,big data,HAS_TOPIC
00697929a6f957e8fbb06378c76d314441248dfc,big data,HAS_TOPIC
00697929a6f957e8fbb06378c76d314441248dfc,data analytics,HAS_TOPIC
0069d915dd2cd4949051578fab2f5db8ca7c60c9,big data,HAS_TOPIC
006ad38025d3b07b9c113c7940514c32c5d16ffc,big data,HAS_TOPIC
006b0712143c55ada6ef5ec5f384af4c32eac27b,big data,HAS_TOPIC
006b5146cddb01d9dde716921d505728315dc61c,data analytics,HAS_TOPIC
006b58e83db7575fcc2294fbef3f3d485ad158b8,big data,HAS_TOPIC
006b9ae82998adc919673ade789e3732d4329190,big data,HAS_TOPIC
006bc2e00e309cb2e7fb931ae094ca2d66583d95,big data,HAS_TOPIC
006bf046e6c27d882bae79688004c4c4f4781a0f,big data,HAS_TOPIC
006c25f6c3b354703e896eadc667f293c66671e9,big data,HAS_TOPIC
006c25f6c3b354703e896eadc667f293c66671e9,data analytics,HAS_TOPIC
006c846c72e77cb913be4b2c76664967e9e01ee0,big data,HAS_TOPIC
006c85fd6f1558638933c4c32bd0ac69e9774b8e,big data,HAS_TOPIC
006cd15d26dd19e70b942107b1362df690c41fbb,data management,HAS_TOPIC
006cd15d26dd19e70b942107b1362df690c41fbb,big data,HAS_TOPIC
006cdfcce9b96929935d31c3616c9c172da448e8,big data,HAS_TOPIC
006cef8cb9f4101690dce6b0fcfe5eee918a75cb,big data,HAS_TOPIC
006dda3dc9818c1782eb55d9ed420a90ec672294,big data,HAS_TOPIC
006dda3dc9818c1782eb55d9ed420a90ec672294,data analytics,HAS_TOPIC
006e07846e4591ac1abc051640487050d1ab9015,big data,HAS_TOPIC
006e35070e77c40947a2f9a822b46f296f393f7c,big data,HAS_TOPIC
006e791d1ff7507ce34ec4699b693530e14c33e6,big data,HAS_TOPIC
006ea9025a6f133d88113e8043819c5461927d04,big data,HAS_TOPIC
006ede564c323f7aa04982704fbab207677976c9,big data,HAS_TOPIC
006f2567337afce7e145400157b41dce8aa47b3d,big data,HAS_TOPIC
006ffc76a8570eb170ed95f48101d96de63c8b08,big data,HAS_TOPIC
0070adb194e002838568db3752337fd572296750,big data,HAS_TOPIC
0070e42beb6ee72c5a1188032b866f911e6e9db3,big data,HAS_TOPIC
00711a2d46a748bf2bf7943ceab4ee71499b141b,big data,HAS_TOPIC
00714fa631538fc99a3a27e2b120efd140eb9f66,big data,HAS_TOPIC
0071d1065dea1ad041a03b64bf0991a10009fe2c,big data,HAS_TOPIC
00723c2765e8640f4cbd3c85524bdfc16091e6eb,big data,HAS_TOPIC
0072f0d2abef12f3153106bacfc1579c1e9d5612,big data,HAS_TOPIC
0072f0d2abef12f3153106bacfc1579c1e9d5612,data analytics,HAS_TOPIC
0072f6a88ed01d5369d3d882ac062e40b50187b4,big data,HAS_TOPIC
0073cfcbd21692988d74c3ca7a76a3210294661d,big data,HAS_TOPIC
00747724453514aa8444895ff2d2d0666af514b0,big data,HAS_TOPIC
007489362f1530c1fe5420adf93971957e8b43c9,big data,HAS_TOPIC
0074a9396db7e8d39fb56a2b6fc78ae94e43274a,big data,HAS_TOPIC
0075575a103af7218fc197a74a96cc4114befc03,big data,HAS_TOPIC
007579367cd8724310fd017fc23aafb233825d3c,big data,HAS_TOPIC
007579367cd8724310fd017fc23aafb233825d3c,data mining,HAS_TOPIC
007598bda65bc3d1d9ed237b9186b6aecd8db6ca,big data,HAS_TOPIC
0075abdb53f0e06fd122fb83fa5a33c494c3c4d1,data management,HAS_TOPIC
0075abdb53f0e06fd122fb83fa5a33c494c3c4d1,big data,HAS_TOPIC
007661abc625336a202dfdbaa85f1f99decec00f,big data,HAS_TOPIC
007661abc625336a202dfdbaa85f1f99decec00f,data analytics,HAS_TOPIC
0076731105fc305df4a3b79d6bcb49c1ae9545f4,big data,HAS_TOPIC
00768c5468779d4eb1d2cc8cbd0c2cadc8ad67c3,big data,HAS_TOPIC
00768c5468779d4eb1d2cc8cbd0c2cadc8ad67c3,data analytics,HAS_TOPIC
00779d198e5344d9caae7cc8aa2d76e246089c9f,big data,HAS_TOPIC
0077d36611158f23768a24e07ffe907b94c3fc36,big data,HAS_TOPIC
0079cc81976234685259fa09bc535a9b49777671,big data,HAS_TOPIC
007a2482f70686d8c8e41d40d3649b3575f36f63,big data,HAS_TOPIC
007aaecb7709f8252bcef5870b01de7ce39b4ec1,big data,HAS_TOPIC
007b96840cb5ccb6bb4c1bb4efad26c87e46d6da,big data,HAS_TOPIC
007bfc97c98190de8f35cc6a9a864a773f8d949d,big data,HAS_TOPIC
007c2a3392260e85d5d03cb14825225b4f498146,big data,HAS_TOPIC
007c94bc778a3fdaf18cea1981543f47ad9067e4,big data,HAS_TOPIC
007da225366144a531849564724a2535c1d0c919,big data,HAS_TOPIC
007dafe68d8cba5ce75ca6a253b864a2fb13a529,big data,HAS_TOPIC
007dbb289afeb37a244213787b062aee9b341dd4,big data,HAS_TOPIC
007dbb289afeb37a244213787b062aee9b341dd4,data analytics,HAS_TOPIC
007eb117f809ec97f6c9e1568d2d37cb01e359ab,big data,HAS_TOPIC
007f2a0a21b57b821ba7f383251cd9cb8ef2b68f,big data,HAS_TOPIC
00804f03d3866a601dc49bc7be3e12ada830fcb8,big data,HAS_TOPIC
00804f03d3866a601dc49bc7be3e12ada830fcb8,data analytics,HAS_TOPIC
0080f00f09d5aab2d68dc8210390e54cf4c69703,big data,HAS_TOPIC
00815038267822f0930391dc2df2b5bee0293b2c,data mining,HAS_TOPIC
008173e7e897e07f1509595a93675f3a0eec1e9c,big data,HAS_TOPIC
00825ae6af33573f522f18a1b0d835ed65d57887,big data,HAS_TOPIC
00825fd3c7c7d216f6f5bf6b7f18d4818d3a378c,big data,HAS_TOPIC
00835aa719e35b52070da395eee6aed7250a711d,big data,HAS_TOPIC
00835e3fda1133e7cf4d2c1ef45ab2ec317eeca0,big data,HAS_TOPIC
00835e3fda1133e7cf4d2c1ef45ab2ec317eeca0,data analytics,HAS_TOPIC
0083c8b62fd9a7478db686ec9d9b2a0b11fb3f87,big data,HAS_TOPIC
008427ed64a120fef3b8c6afa3271a0311b4c2ac,big data,HAS_TOPIC
008429204001752920d1c0d16eb66db00e672717,big data,HAS_TOPIC
00852fd3316c0a48a27eab38db4c6fb32ce1f5d2,big data,HAS_TOPIC
00852fd3316c0a48a27eab38db4c6fb32ce1f5d2,data analytics,HAS_TOPIC
0085599ecfded53ff46035a644cf203c5811b9fa,big data,HAS_TOPIC
0085812322891987740a66ef2a038fd1d17f376f,big data,HAS_TOPIC
0085e344d687c2acb400a341350c22a25aee17cd,big data,HAS_TOPIC
0086963df2d05898388ec03488af6aa7a31ea407,big data,HAS_TOPIC
0086963df2d05898388ec03488af6aa7a31ea407,data analytics,HAS_TOPIC
0086b7f5024eaf906ca2932e1383b2b5525ce735,big data,HAS_TOPIC
00872022793192d8c2c79dbed5d8de6b01999b7a,big data,HAS_TOPIC
008763c2df3162a281b311f7132195c0cafef038,big data,HAS_TOPIC
0087bf420feaa5df52562bb63a5a007af4a6ff5f,big data,HAS_TOPIC
008855bd64e40033b58a94e14ebddf059c570553,big data,HAS_TOPIC
0088e1a0791bece4a25488290b9941dfd3e3423a,big data,HAS_TOPIC
00895a3683263c063aff99b703770175d4fcb3d7,big data,HAS_TOPIC
0089889412c805738367ed8967adcefac720cf9b,big data,HAS_TOPIC
00899a02706e896f5bc6ef5f45c03e64219fc25a,big data,HAS_TOPIC
008a334d65479b5e68073115ca6a3e9ee05c3180,big data,HAS_TOPIC
008b3e9f60e6522586e76b52b72f532f4ab2665f,big data,HAS_TOPIC
008b453b326da5586bdb2bbec57a8567ee3f8063,big data,HAS_TOPIC
008b946e3d0ca0285c30008937c286c8abbe6ded,big data,HAS_TOPIC
008c1daf4f7cdf9602a29f9c7b9b62fdccbe4d76,big data,HAS_TOPIC
008c89a0227c67a2736a2f28825762e0085e72e7,big data,HAS_TOPIC
008daf2a4d5ea4731638bf20a3688a8c129ef53d,big data,HAS_TOPIC
008de4cfed73a3debfae50477521bdf47837f2e1,big data,HAS_TOPIC
008df7fc235eab4098715b875ff525b7043b6c67,big data,HAS_TOPIC
009039f12aa2d3a3921cdf850a7bc90cd6870652,big data,HAS_TOPIC
009039f12aa2d3a3921cdf850a7bc90cd6870652,data mining,HAS_TOPIC
0090a96db46fd0ae534004e108f0a7e9efedf523,big data,HAS_TOPIC
0090f142aefb07e877e34c1410270a855945b759,big data,HAS_TOPIC
0090f142aefb07e877e34c1410270a855945b759,large-scale data,HAS_TOPIC
0090f142aefb07e877e34c1410270a855945b759,data mining,HAS_TOPIC
00911d2c6175cfcaea5be2cc611393d5a277ead5,big data,HAS_TOPIC
009142b6c1c1044ea8a10086bf468f1b676e4e5c,big data,HAS_TOPIC
0091e022b97579644299ce43f4aeff746dcca465,big data,HAS_TOPIC
0091e022b97579644299ce43f4aeff746dcca465,data mining,HAS_TOPIC
009277e1c8a73e477c41049f6d28d0b1f30be447,big data,HAS_TOPIC
00927dae87fffe52422d9def24d9f24f3e26f47e,big data,HAS_TOPIC
00929d78a7ed79bec1168e1f33656cf51600a6fd,big data,HAS_TOPIC
0092a211f662cdcc9a571e0da595c81882b6f8aa,big data,HAS_TOPIC
0092a449cf7798af86d886f56f0ccb4119b09a20,big data,HAS_TOPIC
0092a449cf7798af86d886f56f0ccb4119b09a20,data analytics,HAS_TOPIC
00934ab343a2efd00c189417d269a00fd1277afc,big data,HAS_TOPIC
0094027b68bd2350f9d60eae9fa298cd788e07d7,big data,HAS_TOPIC
009476ecc531d74f96395c762b783e415d2e2e0c,big data,HAS_TOPIC
00955efe0c225415be485af9e8c4b64c71d81e33,big data,HAS_TOPIC
009636103f628afb0035f8d2b387949f483189a5,big data,HAS_TOPIC
009636103f628afb0035f8d2b387949f483189a5,data analytics,HAS_TOPIC
009661ab07103e82fb69bec818748b53d4a7bdb3,big data,HAS_TOPIC
009668bba4f9f7d781bf2fff07817c54a3bbaebf,big data,HAS_TOPIC
009668bba4f9f7d781bf2fff07817c54a3bbaebf,data analytics,HAS_TOPIC
009735540e1ade2f1464c9fdf70089be0bc2afdc,big data,HAS_TOPIC
00975e595f5f7caa01982f33c8255a075355ab4a,big data,HAS_TOPIC
00976166ff9d369237d0aff384fad6f3e2208c66,big data,HAS_TOPIC
00979b8490068e3dfe24a1f933a383af4e172344,big data,HAS_TOPIC
0097b482f87ad556415c2bf4a06b18288fa10982,big data,HAS_TOPIC
009857ff5d79d448bb4030ba3cc446d20e6a5a1b,big data,HAS_TOPIC
00989ab2d60c5757d6f7ccc2a83bad8327937de3,big data,HAS_TOPIC
0098d5cb410cf325d037afbbe3ffa24bbbe3582f,data analytics,HAS_TOPIC
009901e26cf6d8a251a3e02233173792015de2f9,big data,HAS_TOPIC
009a7c5545c40df087abecbe97f7f7ae7dd3e63a,big data,HAS_TOPIC
009ada45e6b259d422b6d1ef9f614530cd8dc86c,big data,HAS_TOPIC
009b1e38c2ab474546b6171bfba7591f79365725,big data,HAS_TOPIC
009c28485a90ff2f54e243621b8db3823065c506,big data,HAS_TOPIC
009c69158bdcccc22291af3c5dfbef9ebda15341,big data,HAS_TOPIC
009cabff282b62e72595274a39fd74ea8b08facd,big data,HAS_TOPIC
009ccc9ce87b266093636b9650f00025ff01e051,big data,HAS_TOPIC
009cd98aa74cdfd7a98e27e07e3b74cc55807de5,big data,HAS_TOPIC
009cd98aa74cdfd7a98e27e07e3b74cc55807de5,data analytics,HAS_TOPIC
009cd98aa74cdfd7a98e27e07e3b74cc55807de5,distributed data processing,HAS_TOPIC
009ce8ae45b4e922e97e3c5cd3acdfcdc495c08e,big data,HAS_TOPIC
009ce8ae45b4e922e97e3c5cd3acdfcdc495c08e,data mining,HAS_TOPIC
009d50440c7a813ad003df7596b4ae6878661d51,big data,HAS_TOPIC
009db9f11457f329ac5ef47f94426b6f86e8dff3,big data,HAS_TOPIC
009e86bdd9cb6409007741d2388d526d2163e59a,big data,HAS_TOPIC
009f00f7b4357acf568d5eeea8bfa63d1bb89c60,big data,HAS_TOPIC
009f00f7b4357acf568d5eeea8bfa63d1bb89c60,data mining,HAS_TOPIC
009f7a6dfc83cfb7c4df7da6e614a4c7622af660,big data,HAS_TOPIC
009fd51d4e1cd257d84e325989dfd2f125d89575,big data,HAS_TOPIC
009fddb8da5dd9b02485711c549747859516b08b,big data,HAS_TOPIC
00a144c412e79e4c5179f868c5c5ba05257e29c9,big data,HAS_TOPIC
00a15850f629243aba91fc9dcc4aa8d864aa2573,data mining,HAS_TOPIC
00a18c497b663820e0fd37ad4efba40720e11e18,big data,HAS_TOPIC
00a23980972e9a85f50d807f5aabaeffbab77339,big data,HAS_TOPIC
00a28f97b6d6214ed2fc3ae0fea83f7cf48ecf99,big data,HAS_TOPIC
00a28f97b6d6214ed2fc3ae0fea83f7cf48ecf99,data analytics,HAS_TOPIC
00a375dd29be52dc9983dd9a84078633b28deda4,big data,HAS_TOPIC
00a39adf4615f1afdb27b7869cf2b5bdccf7c1dd,big data,HAS_TOPIC
00a3b8886a7e569adc7ec3a3df04b6101ec05c0d,big data,HAS_TOPIC
00a3bd1acaeb8687d4908db47fc8edafab7650fe,big data,HAS_TOPIC
00a41860e27c01629929562a70af5fd8036a4163,big data,HAS_TOPIC
00a45804cb4fb29bd719bb6c6b6feb96e038cc2c,big data,HAS_TOPIC
00a48e0411898bf327f92071ff0998972ed616de,big data,HAS_TOPIC
00a4b431b5db521fcf472049b180941ac57ca6cd,big data,HAS_TOPIC
00a4fc9c914980674d2f9fbec65404669356216b,big data,HAS_TOPIC
00a4fc9c914980674d2f9fbec65404669356216b,data mining,HAS_TOPIC
00a5c384861569db051304f1d8c87287acc74421,big data,HAS_TOPIC
00a625ba1b93be03fa76459f3c87c3731d74800b,big data,HAS_TOPIC
0000f9132b7d7fa48c6b2a0737b671537b182c55,indexing,HAS_TOPIC
0002e3ca8176d1b071bc428b3bed2bd8e1f4a038,indexing,HAS_TOPIC
0005438a0da416fac50272769489b5b56d7498d5,indexing,HAS_TOPIC
00059fb5e2653f3efe4a856fead6a9dca53b2e5a,indexing,HAS_TOPIC
000b52a4d36e0952ee6a0c375dffe5b05ed69ab1,indexing,HAS_TOPIC
000eef5859d7b9d05e3514ef982796beefd2b23e,database index,HAS_TOPIC
